fid,terrain,,,,,,,,,,relevant dictionary,actual dict terms,logic,,,,,,,,
0,"['sg', 'FG', 't', '-', 'FI']",sg,FG,t,-,FI,,,,,,,,,,,,,,,
,,,glaciofluvial,,,,,,,,surficial_material_terms, 'FG': 'Glaciofluvial Material',"find first cluster of uppercase letters, look up surficial material",,,,,,,,
,,,,terrace,,,,,,,surface_expression_terms, 't': 'terrace(s)',"go to following group of lowercase letters, look up surface expression",,,,,,,,
,,composed of sandy gravel,,,,,,,,,textural_terms," 's': 'Sand', 'g': 'Gravel'","(if they exist) go to preceding group of lowercase letters, look up texture, prefaced by ""composed of """,,,,,,,,
,,,,,modified by,,,,,,geomorphological_process_terms,F': 'Slow mass movements',"(if they exist) go to group of uppercase letters followed by '-', look up geomorphological processes preceded by ""modified by """,,,,,,,,
,,,,,,downslope failures that are no longer active,,,,,,,,,,,,,,,
,,,,,,,,,,,,,,,,,,,,,
p.52,"['z', 'LG', 't', '-', 'F']",z,LG,t,-,F,,,,,,,,,,,,,,,
,,,scarp of glaciolacustrine ,,,,,,,,surficial_material_terms," 'LG': 'Glaciolacustrine Material',",,,,,,,,,
,,,,terrace,,,,,,,surface_expression_terms, 't': 'terrace(s)',,,,,,,,,
,,,,,with several small slumps(???),,,,,,textural_terms, 'z': silt,,,,,,,,,
,,,,,,,,,,,,,,,,,,,,,
p. 52,"(just says ""earthflow"")",dm,C,hr,-,F,,,,,,,,,,,,,,,
,how dict would parse,,Colluvium,,,,,,,,,,,,,,,,,,
,,,,"hummock(s), ridge(s)",,,,,,,,,,,,,,,,,
,,"mixed fragments, mud",,,,,,,,,,,,,,,,,,,
,,,,,,slow mass movements,,,,,,,,,,,,,,,
,,,,,,,,,,,,,,,,,,,,,
p.52,"""tension cracks indicating",,R,st,-,F,,,,,,,,,,,,,,,
,"incipient failure of bedrock""",,Bedrock,,,,,,,,,,,,,,,,,,
,,,,"steep slope, terrace",,,,,,,,,,,,,,,,,
,,,,,,slow mass movements,,,,,,,,,,,,,,,
,,,,,,,,,,,,,,,,,,,,,
,,,,,,,,,,,,,,,,,,,,,
,,,,,,,,,,,,,,,,,,,,,
1,"['R', 'sh', '/', 'C', 'v', '-', 'A']",R,sh,/,C,v,-,A,,,,,,,,,,,,,
,,Bedrock,,,,,,,,,,,,,,,,,,,
,,,"steep slope, hummocky",,,,,,,,,,,,,,,,,,
,,,,and,,,,,,,,,,,,,,,,,
,,,,,colluvium,,,,,,,,,,,,,,,,
,,,,,,veneer,,,,,,,,,,,,,,,
,,,,,,,,snow avalanches,,,,,,,,,,,,,
,,,,; more Bedrock than Snow Avalanches,,,,,,,,,,,,,,,,,
2,"['L', 'p']",L,p,,,,,,,,,,,,,,,,,,
,,lacustrine material,,,,,,,,,,,,,,,,,,,
,,,plain,,,,,,,,,,,,,,,,,,
,,,,,,,,,,,,,,,,,,,,,
3,"['C', 'v', '=', 'M', 'b']",C,v,=,M,b,,,,,,,,,,,,,,,
,,Colluvium ,,,,,,,,,,,,,,,,,,,
,,,Veneer,,,,,,,,,,,,,,,,,,
,,,,,Morainal Material,,,,,,,,,,,,,,,,
,,,,,,Blanket,,,,,,,,,,,,,,,
,,,,roughly equal amount of both,,,,,,,,,,,,,,,,,
4,"['C', 'v', '/', 'R', 'h']",C,v,/,R,h,,,,,,,,,,,,,,,
,,,,,,,,,,,,,,,,,,,,,
,,,,,,,,,,,,,,,,,,,,,
5,"['M', 'v', '=', 'C', 'v', '-', 'V']",M,v,=,C,v,-,V,,,,,,,,,,,,,
,,Morainal ,,,,,,,,,,,,,,,,,,,
,,,veneer,,,,,,,,,,,,,,,,,,
,,,,,Coluvium,,,,,,,,,,,,,,,,
,,,,,,veneer,,,,,,,,,,,,,,,
,,,,,,,Gully Erosion,,,,,,,,,,,,,,
,,,,roughly equal amount of both,,,,,,,,,,,,,,,,,
,,,,,,,,,,,,,,,,,,,,,
6,"['C', 'v', '/', 'M', 'b', '-', 'A']",C,v,/,M,b,-,A,,,,,,,,,,,,,
7,"['C', 'v', '/', 'M', 'vb']",C,v,/,M,vb,,,,,,,,,,,,,,,
8,"['C', 'v', '/', 'R', 's', '-', 'VA']",C,v,/,R,s,-,VA,,,,,,,,,,,,,
9,"['C', 'v', '/', 'R', 'k']",C,v,/,R,k,,,,,,,,,,,,,,,
10,"['C', 'v', '/', 'R', 's', '-', 'A']",C,v,/,R,s,-,A,,,,,,,,,,,,,
11,"['C', 'a']",C,a,,,,,,,,,,,,,,,,,,
12,"['C', 'c']",C,c,,,,,,,,,,,,,,,,,,
13,"['R', 's', '/', 'C', 'v', '-', 'VAR', 's']",R,s,/,C,v,-,VAR,s,,,,,,,,,,,,
14,"['C', 'v', '/', 'R', 'k', '-', 'AV']",C,v,/,R,k,-,AV,,,,,,,,,,,,,
15,"['C', 'v']",C,v,,,,,,,,,,,,,,,,,,
16,"['R', 's', '/', 'C', 'v', '-', 'A']",R,s,/,C,v,-,A,,,,,,,,,,,,,
17,"['C', 'v', '-', 'A']",C,v,-,A,,,,,,,,,,,,,,,,
18,"['R', 's']",R,s,,,,,,,,,,,,,,,,,,
19,"['a', 'C', 'k', '-', 'R', 'b', 'A']",a,C,k,-,R,b,A,,,,,,,,,,,,,
20,"['C', 'h']",C,h,,,,,,,,,,,,,,,,,,
21,"['R', 'hk', '/', 'C', 'w']",R,hk,/,C,w,,,,,,,,,,,,,,,
22,"['L', 'p']",L,p,,,,,,,,,,,,,,,,,,
23,"['a', 'C', 'k', '/', 'R', 's', '-', 'A']",a,C,k,/,R,s,-,A,,,,,,,,,,,,
24,"['R', 's', '-', 'A']",R,s,-,A,,,,,,,,,,,,,,,,
25,"['C', 'v', '/', 'R', 'v']",C,v,/,R,v,,,,,,,,,,,,,,,
26,"['a', 'C', 'k', '-', 'R', 'b', 'A']",a,C,k,-,R,b,A,,,,,,,,,,,,,
27,"['C', 'v', '-', 'A']",C,v,-,A,,,,,,,,,,,,,,,,
28,"['M', 'bv']",M,bv,,,,,,,,,,,,,,,,,,
29,"['C', 'v', '/', 'R', 's']",C,v,/,R,s,,,,,,,,,,,,,,,
30,"['F', 'pj']",F,pj,,,,,,,,,,,,,,,,,,
31,"['C', 'v', '/', 'R', 's']",C,v,/,R,s,,,,,,,,,,,,,,,
32,"['R', 'sh', '/', 'a', 'C', 'v']",R,sh,/,a,C,v,,,,,,,,,,,,,,
33,"['R', 's', '-', 'VA']",R,s,-,VA,,,,,,,,,,,,,,,,
34,"['a', 'C', 'c', 'R', 'b', '-', 'A']",a,C,c,R,b,-,A,,,,,,,,,,,,,
35,"['F', 'pu']",F,pu,,,,,,,,,,,,,,,,,,
36,"['a', 'C', 'v', '/', 'R', 'h', '-', 'R', 'b', 'A']",a,C,v,/,R,h,-,R,b,,A,,,,,,,,,
37,"['M', 'bv', '/', 'C', 'v']",M,bv,/,C,v,,,,,,,,,,,,,,,
38,"['C', 'f']",C,f,,,,,,,,,,,,,,,,,,
39,"['C', 'v', '-', 'A']",C,v,-,A,,,,,,,,,,,,,,,,
40,"['L', 'p']",L,p,,,,,,,,,,,,,,,,,,
41,"['/', 'a', 'C', 'w', '/', 'R', 'hk']",/,a,C,w,/,R,hk,,,,,,,,,,,,,
42,"['FG', 't', '=', 'U', 's', '/', 'F', 'p']",FG,t,=,U,s,/,F,p,,,,,,,,,,,,
43,"['C', 'ca']",C,ca,,,,,,,,,,,,,,,,,,
44,"['R', 's']",R,s,,,,,,,,,,,,,,,,,,
45,"['R', 's', '-', 'V']",R,s,-,V,,,,,,,,,,,,,,,,
46,"['a', 'C', 'ck', '-', 'R', 'b', 'A']",a,C,ck,-,R,b,A,,,,,,,,,,,,,
47,"['R', 's', '/', 'a', 'C', 'k']",R,s,/,a,C,k,,,,,,,,,,,,,,
48,"['C', 'v', '=', 'R', 's']",C,v,=,R,s,,,,,,,,,,,,,,,
49,"['/', 'C', 'w', '/', 'R', 'h']",/,C,w,/,R,h,,,,,,,,,,,,,,
50,"['C', 'v', '=', 'R', 's', '-', 'R']",C,v,=,R,s,-,R,,,,,,,,,,,,,
51,"['C', 'v', '=', 'M', 'v', '/', 'R', 's']",C,v,=,M,v,/,R,s,,,,,,,,,,,,
52,"['M', 'v', '=', 'C', 'v']",M,v,=,C,v,,,,,,,,,,,,,,,
53,"['C', 'v', '/', 'R', 's', '-', 'V']",C,v,/,R,s,-,V,,,,,,,,,,,,,
54,"['R', 's', '-', 'VA']",R,s,-,VA,,,,,,,,,,,,,,,,
55,"['$s', 'M', 'b', '/', 'C', 'ca', '-', 'A']",$s,M,b,/,C,ca,-,A,,,,,,,,,,,,
56,"['F', 'p']",F,p,,,,,,,,,,,,,,,,,,
57,"['F', 'f']",F,f,,,,,,,,,,,,,,,,,,
58,"['C', 'v', '=', 'R', 's', '/', 'M', 'b', '-', 'A']",C,v,=,R,s,/,M,b,-,,A,,,,,,,,,
59,"['F', 'f']",F,f,,,,,,,,,,,,,,,,,,
60,"['C', 'v', '=', 'M', 'v', '/', 'R', 's']",C,v,=,M,v,/,R,s,,,,,,,,,,,,
61,"['M', 'b']",M,b,,,,,,,,,,,,,,,,,,
62,"['C', 'v', '/', 'R', 's', '-', 'AV']",C,v,/,R,s,-,AV,,,,,,,,,,,,,
63,"['R', 's']",R,s,,,,,,,,,,,,,,,,,,
64,"['C', 'v', '=', 'R', 'k']",C,v,=,R,k,,,,,,,,,,,,,,,
65,"['/', 'C', 'w', '/', 'R', 'ah']",/,C,w,/,R,ah,,,,,,,,,,,,,,
66,"['R', 's']",R,s,,,,,,,,,,,,,,,,,,
67,"['R', 's', '=', 'C', 'v']",R,s,=,C,v,,,,,,,,,,,,,,,
68,"['C', 'v', '=', 'R', 's', '-', 'A']",C,v,=,R,s,-,A,,,,,,,,,,,,,
69,"['ar', 'C', 'v', '/', 'R', 's', '-', 'VR']",ar,C,v,/,R,s,-,VR,,,,,,,,,,,,
70,"['a', 'C', 'ck', '-', 'R', 'b', 'A']",a,C,ck,-,R,b,A,,,,,,,,,,,,,
71,"['a', 'C', 'u', '=', 'R', 's', '-', 'R', 'b', 'A']",a,C,u,=,R,s,-,R,b,,A,,,,,,,,,
72,"['C', 'v', '-', 'A']",C,v,-,A,,,,,,,,,,,,,,,,
73,"['C', 'v', '/', 'R', 's', '-', 'A']",C,v,/,R,s,-,A,,,,,,,,,,,,,
74,"['M', 'b', '/', 'C', 'v']",M,b,/,C,v,,,,,,,,,,,,,,,
75,"['F', 'j']",F,j,,,,,,,,,,,,,,,,,,
76,"['C', 'v']",C,v,,,,,,,,,,,,,,,,,,
77,"['a', 'C', 'k', '-', 'AR', 'b', 'A', 's']",a,C,k,-,AR,b,A,s,,,,,,,,,,,,
78,"['C', 'v', '/', 'M', 'vb']",C,v,/,M,vb,,,,,,,,,,,,,,,
79,"['C', 'v', '/', 'R', 's']",C,v,/,R,s,,,,,,,,,,,,,,,
80,"['C', 'v', '=', 'M', 'v', '-', 'AR']",C,v,=,M,v,-,AR,,,,,,,,,,,,,
81,"['M', 'v', '=', 'C', 'v', '-', 'V']",M,v,=,C,v,-,V,,,,,,,,,,,,,
82,"['M', 'bv']",M,bv,,,,,,,,,,,,,,,,,,
83,"['FG', 't', '=', 'U', 's', '-', 'V']",FG,t,=,U,s,-,V,,,,,,,,,,,,,
84,"['F', 'pt']",F,pt,,,,,,,,,,,,,,,,,,
85,"['C', 'v', '/', 'M', 'v']",C,v,/,M,v,,,,,,,,,,,,,,,
86,"['C', 'v', '=', 'M', 'v']",C,v,=,M,v,,,,,,,,,,,,,,,
87,"['F', 'f']",F,f,,,,,,,,,,,,,,,,,,
88,"['M', 'bv']",M,bv,,,,,,,,,,,,,,,,,,
89,"['R', 's', '-', 'AVR']",R,s,-,AVR,,,,,,,,,,,,,,,,
90,"['C', 'k', '/', 'R', 's']",C,k,/,R,s,,,,,,,,,,,,,,,
91,"['C', 'v', '/', 'R', 's', '-', 'AR']",C,v,/,R,s,-,AR,,,,,,,,,,,,,
92,"['M', 'bv', '/', 'r', 'C', 'v']",M,bv,/,r,C,v,,,,,,,,,,,,,,
93,"['M', 'v', '/', 'C', 'v']",M,v,/,C,v,,,,,,,,,,,,,,,
94,"['C', 'v', '/', 'R', 's', '-', 'A']",C,v,/,R,s,-,A,,,,,,,,,,,,,
95,"['R', 's', '/', 'C', 'v', '-', 'A']",R,s,/,C,v,-,A,,,,,,,,,,,,,
96,"['C', 'v', '=', 'R', 's', '-', 'A']",C,v,=,R,s,-,A,,,,,,,,,,,,,
97,"['R', 'sk', '-', 'RA']",R,sk,-,RA,,,,,,,,,,,,,,,,
98,"['R', 's', '-', 'RA']",R,s,-,RA,,,,,,,,,,,,,,,,
99,"['C', 'ck', '-', 'AR', 'b', 'A']",C,ck,-,AR,b,A,,,,,,,,,,,,,,
100,"['M', 'bv', '/', 'C', 'v']",M,bv,/,C,v,,,,,,,,,,,,,,,
101,"['M', 'bv']",M,bv,,,,,,,,,,,,,,,,,,
102,"['R', 's', '-', 'VR']",R,s,-,VR,,,,,,,,,,,,,,,,
103,"['R', 's', '=', 'C', 'v', '-', 'A']",R,s,=,C,v,-,A,,,,,,,,,,,,,
104,"['C', 'v', '-', 'A']",C,v,-,A,,,,,,,,,,,,,,,,
105,"['M', 'bv', '-', 'V']",M,bv,-,V,,,,,,,,,,,,,,,,
106,"['C', 'f', '-', 'A']",C,f,-,A,,,,,,,,,,,,,,,,
107,"['C', 'hf', '-', 'AR']",C,hf,-,AR,,,,,,,,,,,,,,,,
108,"['C', 'ck', '-', 'A']",C,ck,-,A,,,,,,,,,,,,,,,,
109,"['C', 'vc', '/', 'R', 'k', '-', 'A']",C,vc,/,R,k,-,A,,,,,,,,,,,,,
110,"['R', 's', '/', 'C', 'v']",R,s,/,C,v,,,,,,,,,,,,,,,
111,"['R', 'sh', '/', 'C', 'v', '-', 'N']",R,sh,/,C,v,-,N,,,,,,,,,,,,,
112,"['R', 's']",R,s,,,,,,,,,,,,,,,,,,
113,"['C', 'k', 'R', 'b', '-', 'A']",C,k,R,b,-,A,,,,,,,,,,,,,,
114,"['R', 's', '-', 'VR']",R,s,-,VR,,,,,,,,,,,,,,,,
115,"['R', 'sk']",R,sk,,,,,,,,,,,,,,,,,,
116,"['C', 'v', '/', 'R', 's', '-', 'A']",C,v,/,R,s,-,A,,,,,,,,,,,,,
117,"['C', 'v', '-', 'A']",C,v,-,A,,,,,,,,,,,,,,,,
118,"['a', 'C', 'ca', '-', 'R', 'b', 'A']",a,C,ca,-,R,b,A,,,,,,,,,,,,,
119,"['a', 'C', 'k', '/', 'R', 's', '-', 'R', 'b', 'A']",a,C,k,/,R,s,-,R,b,,A,,,,,,,,,
120,"['a', 'C', 'v', '=', 'R', 's']",a,C,v,=,R,s,,,,,,,,,,,,,,
121,"['R', 'ah', '/', 'a', 'C', 'v']",R,ah,/,a,C,v,,,,,,,,,,,,,,
122,"['a', 'C', 'ca', '-', 'RA', 'b', 'A']",a,C,ca,-,RA,b,A,,,,,,,,,,,,,
123,"['R', 's']",R,s,,,,,,,,,,,,,,,,,,
124,"['C', 'v', '/', 'R', 's', '-', 'A']",C,v,/,R,s,-,A,,,,,,,,,,,,,
125,"['C', 'v', '=', 'R', 's', '-', 'AV']",C,v,=,R,s,-,AV,,,,,,,,,,,,,
126,"['M', 'v', '=', 'C', 'v']",M,v,=,C,v,,,,,,,,,,,,,,,
127,"['R', 's', '-', 'R']",R,s,-,R,,,,,,,,,,,,,,,,
128,"['R', 'hr', '/', 'ar', 'C', 'v']",R,hr,/,ar,C,v,,,,,,,,,,,,,,
129,"['a', 'C', 'a', '-', 'R']",a,C,a,-,R,,,,,,,,,,,,,,,
130,"['ar', 'C', 'v', '/', 'R', 's', '-', 'A']",ar,C,v,/,R,s,-,A,,,,,,,,,,,,
131,"['R', 'sa', '/', 'a', 'C', 'v', '-', 'AR']",R,sa,/,a,C,v,-,AR,,,,,,,,,,,,
132,"['R', 's', '/', 'r', 'C', 'v', '-', 'A']",R,s,/,r,C,v,-,A,,,,,,,,,,,,
133,"['ar', 'C', 'v', '/', 'R', 'a', '-', 'A']",ar,C,v,/,R,a,-,A,,,,,,,,,,,,
134,"['r', 'C', 'v', '/', 'R', 's', '-', 'AV']",r,C,v,/,R,s,-,AV,,,,,,,,,,,,
135,"['R', 's', '/', 'r', 'C', 'v', '-', 'AVR']",R,s,/,r,C,v,-,AVR,,,,,,,,,,,,
136,"['ar', 'C', 'va', '/', 'R', 'a', '-', 'AR']",ar,C,va,/,R,a,-,AR,,,,,,,,,,,,
137,"['a', 'C', 'ca', '-', 'AR']",a,C,ca,-,AR,,,,,,,,,,,,,,,
138,"['ar', 'C', 'va', '-', 'A']",ar,C,va,-,A,,,,,,,,,,,,,,,
139,"['a', 'C', 'a', '-', 'AR']",a,C,a,-,AR,,,,,,,,,,,,,,,
140,"['ar', 'C', 'b', '/', 'ar', 'M', 'b', '-', 'A']",ar,C,b,/,ar,M,b,-,A,,,,,,,,,,,
141,"['R', 's', '/', 'C', 'v', '-', 'AVR']",R,s,/,C,v,-,AVR,,,,,,,,,,,,,
142,"['ar', 'C', 'va', '-', 'AR']",ar,C,va,-,AR,,,,,,,,,,,,,,,
143,"['R', 's', '/', 'ra', 'C', 'v', '-', 'AR']",R,s,/,ra,C,v,-,AR,,,,,,,,,,,,
144,"['r', 'M', 'v', '/', 'r', 'C', 'v', '/', 'R', 'a']",r,M,v,/,r,C,v,/,R,,a,,,,,,,,,
145,"['r', 'C', 'v', '=', 'r', 'M', 'v', '-', 'R']",r,C,v,=,r,M,v,-,R,,,,,,,,,,,
146,"['a', 'C', 'a', '-', 'R']",a,C,a,-,R,,,,,,,,,,,,,,,
147,"['a', 'C', 'a', '-', 'R']",a,C,a,-,R,,,,,,,,,,,,,,,
148,"['a', 'C', 'a', '-', 'AR']",a,C,a,-,AR,,,,,,,,,,,,,,,
149,"['R', 'rs', '/', 'ar', 'C', 'v']",R,rs,/,ar,C,v,,,,,,,,,,,,,,
150,"['R', 's', '-', 'AR']",R,s,-,AR,,,,,,,,,,,,,,,,
151,"['C', 'v', '/', 'R', 's', '-', 'AV']",C,v,/,R,s,-,AV,,,,,,,,,,,,,
152,"['C', 'v', '/', 'R', 's']",C,v,/,R,s,,,,,,,,,,,,,,,
153,"['C', 'v', '/', 'R', 's']",C,v,/,R,s,,,,,,,,,,,,,,,
154,"['R', 'sk', '=', 'C', 'v', '-', 'A']",R,sk,=,C,v,-,A,,,,,,,,,,,,,
155,"['M', 'w']",M,w,,,,,,,,,,,,,,,,,,
156,"['C', 'v', '/', 'R', 's']",C,v,/,R,s,,,,,,,,,,,,,,,
157,"['C', 'v', '/', 'R', 's', '/', 'M', 'v']",C,v,/,R,s,/,M,v,,,,,,,,,,,,
158,"['M', 'w', '/', 'R', 'r']",M,w,/,R,r,,,,,,,,,,,,,,,
159,"['C', 'w', '=', 'M', 'w']",C,w,=,M,w,,,,,,,,,,,,,,,
160,"['C', 'a']",C,a,,,,,,,,,,,,,,,,,,
161,"['g', 'FA', 'p', '-', 'I']",g,FA,p,-,I,,,,,,,,,,,,,,,
162,"['s', 'FG', 'st']",s,FG,st,,,,,,,,,,,,,,,,,
163,"['g', 'FA', 'f']",g,FA,f,,,,,,,,,,,,,,,,,
164,"['g', 'F', 't']",g,F,t,,,,,,,,,,,,,,,,,
165,"['gs', 'FG', 'sf', 'LG', 's']",gs,FG,sf,LG,s,,,,,,,,,,,,,,,
166,"['gs', 'FG', 't', '-', 'F', '/', 'f', 'LG']",gs,FG,t,-,F,/,f,LG,,,,,,,,,,,,
167,"['M', 'bv', '=', 'C', 'v']",M,bv,=,C,v,,,,,,,,,,,,,,,
168,"['FG', 't', '-', 'H']",FG,t,-,H,,,,,,,,,,,,,,,,
169,"['M', 'w', '/', 'R', 'a']",M,w,/,R,a,,,,,,,,,,,,,,,
170,"['R', 's']",R,s,,,,,,,,,,,,,,,,,,
171,"['C', 'v', '/', 'R', 's']",C,v,/,R,s,,,,,,,,,,,,,,,
172,"['f', 'LG', 'a', '=', 's', 'FG', 'a', '=', 'gf', 'C', '-', 'VR']",f,LG,a,=,s,FG,a,=,gf,,C,-,VR,,,,,,,
173,"['s', 'FG', 't']",s,FG,t,,,,,,,,,,,,,,,,,
174,"['C', 'c']",C,c,,,,,,,,,,,,,,,,,,
175,"['s', 'FG', 's', '/', 'R', 's', '-', 'V', '/', 'f', 'LGS']",s,FG,s,/,R,s,-,V,/,,f,LGS,,,,,,,,
176,"['U', 's']",U,s,,,,,,,,,,,,,,,,,,
177,"['R', 's']",R,s,,,,,,,,,,,,,,,,,,
178,"['R', 's']",R,s,,,,,,,,,,,,,,,,,,
179,"['M', 'sa', '=', 'M', 'w', '-', 'V', '/', 'R', 'sa']",M,sa,=,M,w,-,V,/,R,,sa,,,,,,,,,
180,"['s', 'FG', 't']",s,FG,t,,,,,,,,,,,,,,,,,
181,"['R', 's', '=', 'C', 'v']",R,s,=,C,v,,,,,,,,,,,,,,,
182,"['C', 'v', '=', 'M', 'v', '/', 'R', 'h']",C,v,=,M,v,/,R,h,,,,,,,,,,,,
183,"['C', 'v', '/', 'R', 's']",C,v,/,R,s,,,,,,,,,,,,,,,
184,"['C', 'f']",C,f,,,,,,,,,,,,,,,,,,
185,"['s', 'FG', 't']",s,FG,t,,,,,,,,,,,,,,,,,
186,"['C', 'a']",C,a,,,,,,,,,,,,,,,,,,
187,"['C', 'v', '=', 'R', 'k']",C,v,=,R,k,,,,,,,,,,,,,,,
188,"['R', 's', '/', 'C', 'v']",R,s,/,C,v,,,,,,,,,,,,,,,
189,"['C', 'v', '/', 'R', 'a']",C,v,/,R,a,,,,,,,,,,,,,,,
190,"['M', 'bv']",M,bv,,,,,,,,,,,,,,,,,,
191,"['C', 'v', '/', 'R', 's', '-', 'A']",C,v,/,R,s,-,A,,,,,,,,,,,,,
192,"['M', 'bv', '-', 'V']",M,bv,-,V,,,,,,,,,,,,,,,,
193,"['M', 'b']",M,b,,,,,,,,,,,,,,,,,,
194,"['M', 'v', '=', 'C', 'v']",M,v,=,C,v,,,,,,,,,,,,,,,
195,"['M', 'w']",M,w,,,,,,,,,,,,,,,,,,
196,"['C', 'v', '/', 'M', 'v']",C,v,/,M,v,,,,,,,,,,,,,,,
197,"['M', 'v', '=', 'C', 'v']",M,v,=,C,v,,,,,,,,,,,,,,,
198,"['M', 'v', '/', 'C', 'v', '/', 'R', 's', '-', 'V']",M,v,/,C,v,/,R,s,-,,V,,,,,,,,,
199,"['C', 'j']",C,j,,,,,,,,,,,,,,,,,,
200,"['M', 'vb', '/', 'C', 'v', '-', 'F']",M,vb,/,C,v,-,F,,,,,,,,,,,,,
201,"['M', 'v', '/', 'C', 'v']",M,v,/,C,v,,,,,,,,,,,,,,,
202,"['M', 'bv', '/', 'R', 's', '-', 'V']",M,bv,/,R,s,-,V,,,,,,,,,,,,,
203,"['$s', 'M', 'b', '/', 'F', 'p']",$s,M,b,/,F,p,,,,,,,,,,,,,,
204,"['C', 'f']",C,f,,,,,,,,,,,,,,,,,,
205,"['C', 'v', '/', 'R', 'k']",C,v,/,R,k,,,,,,,,,,,,,,,
206,"['C', 'v', '/', 'R', 'k']",C,v,/,R,k,,,,,,,,,,,,,,,
207,"['M', 'b']",M,b,,,,,,,,,,,,,,,,,,
208,"['M', 'b']",M,b,,,,,,,,,,,,,,,,,,
209,"['M', 'bv', '-', 'V']",M,bv,-,V,,,,,,,,,,,,,,,,
210,"['M', 'v', '/', 'R', 's']",M,v,/,R,s,,,,,,,,,,,,,,,
211,"['R', 's', '/', 'C', 'v']",R,s,/,C,v,,,,,,,,,,,,,,,
212,"['U', 's']",U,s,,,,,,,,,,,,,,,,,,
213,"['M', 'bv', '-', 'VR']",M,bv,-,VR,,,,,,,,,,,,,,,,
214,"['s', 'M', 'bv']",s,M,bv,,,,,,,,,,,,,,,,,
215,"['C', 'f']",C,f,,,,,,,,,,,,,,,,,,
216,"['F', 'pt']",F,pt,,,,,,,,,,,,,,,,,,
217,"['C', 'v', '/', 'R', 's']",C,v,/,R,s,,,,,,,,,,,,,,,
218,"['M', 'bv', '/', 'C', 'v']",M,bv,/,C,v,,,,,,,,,,,,,,,
219,"['M', 'b']",M,b,,,,,,,,,,,,,,,,,,
220,"['M', 'v', '=', 'C', 'v']",M,v,=,C,v,,,,,,,,,,,,,,,
221,"['M', 'bv', '/', 'C', 'v']",M,bv,/,C,v,,,,,,,,,,,,,,,
222,"['FG', 'bv', '/', 'R', 'h']",FG,bv,/,R,h,,,,,,,,,,,,,,,
223,"['f', 'M', 'bj']",f,M,bj,,,,,,,,,,,,,,,,,
224,"['M', 'bv']",M,bv,,,,,,,,,,,,,,,,,,
225,"['g', 'F', 'f']",g,F,f,,,,,,,,,,,,,,,,,
226,"['f', 'M', 'w', '/', 'R']",f,M,w,/,R,,,,,,,,,,,,,,,
227,"['C', 'f']",C,f,,,,,,,,,,,,,,,,,,
228,"['C', 'a']",C,a,,,,,,,,,,,,,,,,,,
229,"['M', 'bv', '-', 'V']",M,bv,-,V,,,,,,,,,,,,,,,,
230,"['C', 'f']",C,f,,,,,,,,,,,,,,,,,,
231,"['F', 'f']",F,f,,,,,,,,,,,,,,,,,,
232,"['M', 'v', '=', 'C', 'v']",M,v,=,C,v,,,,,,,,,,,,,,,
233,"['C', 'c', '-', 'A']",C,c,-,A,,,,,,,,,,,,,,,,
234,"['M', 'w']",M,w,,,,,,,,,,,,,,,,,,
235,"['C', 'v', '=', 'M', 'v']",C,v,=,M,v,,,,,,,,,,,,,,,
236,"['M', 'v', '=', 'C', 'v', '/', 'R', 'k']",M,v,=,C,v,/,R,k,,,,,,,,,,,,
237,"['C', 'vb', '/', 'R', 's', '-', 'AV']",C,vb,/,R,s,-,AV,,,,,,,,,,,,,
238,"['R', 's', '-', 'VAR']",R,s,-,VAR,,,,,,,,,,,,,,,,
239,"['C', 'vc', '/', 'R', 's', '-', 'AR']",C,vc,/,R,s,-,AR,,,,,,,,,,,,,
240,"['R', 's', '-', 'VAR']",R,s,-,VAR,,,,,,,,,,,,,,,,
241,"['C', 'v', '=', 'M', 'v', '/', 'R', 's']",C,v,=,M,v,/,R,s,,,,,,,,,,,,
242,"['C', 'v', '/', 'R', 's']",C,v,/,R,s,,,,,,,,,,,,,,,
243,"['C', 'v', '=', 'M', 'v', '=', 'R', 'k']",C,v,=,M,v,=,R,k,,,,,,,,,,,,
244,"['M', 'w']",M,w,,,,,,,,,,,,,,,,,,
245,"['M', 'vb']",M,vb,,,,,,,,,,,,,,,,,,
246,"['R', 's']",R,s,,,,,,,,,,,,,,,,,,
247,"['R', 'ak']",R,ak,,,,,,,,,,,,,,,,,,
248,"['R', 's']",R,s,,,,,,,,,,,,,,,,,,
249,"['a', 'C', 'c', '/', 'MN', 'r', '-', 'RA', 'b']",a,C,c,/,MN,r,-,RA,b,,,,,,,,,,,
250,"['a', 'C', 'c', '/', 'R', 's']",a,C,c,/,R,s,,,,,,,,,,,,,,
251,"['R', 'hk', '/', 'C', 'w']",R,hk,/,C,w,,,,,,,,,,,,,,,
252,"['a', 'C', 'c', '/', 'R', 's', '-', 'RA', 'b', 'A']",a,C,c,/,R,s,-,RA,b,,A,,,,,,,,,
253,"['C', 'v', '/', 'R', 's']",C,v,/,R,s,,,,,,,,,,,,,,,
254,"['L', 'p']",L,p,,,,,,,,,,,,,,,,,,
255,"['C', 'v', '-', 'A']",C,v,-,A,,,,,,,,,,,,,,,,
256,"['a', 'C', 'c', '-', 'R', 'b', 'A']",a,C,c,-,R,b,A,,,,,,,,,,,,,
257,"['a', 'C', 'a', '/', 'R', 's']",a,C,a,/,R,s,,,,,,,,,,,,,,
258,"['R', 's', '/', 'a', 'C', 'a']",R,s,/,a,C,a,,,,,,,,,,,,,,
259,"['a', 'C', 'ca', '/', 'MN', 'r']",a,C,ca,/,MN,r,,,,,,,,,,,,,,
260,"['R', 's', '=', 'C', 'v', '-', 'A']",R,s,=,C,v,-,A,,,,,,,,,,,,,
261,"['C', 'ca', '-', 'AR', 'd']",C,ca,-,AR,d,,,,,,,,,,,,,,,
262,"['C', 'v', '=', 'R', 's', '-', 'A']",C,v,=,R,s,-,A,,,,,,,,,,,,,
263,"['a', 'C', 'v', '/', 'R', 'a']",a,C,v,/,R,a,,,,,,,,,,,,,,
264,"['R', 's']",R,s,,,,,,,,,,,,,,,,,,
265,"['C', 'v', '/', 'R', 's']",C,v,/,R,s,,,,,,,,,,,,,,,
266,"['R', 's', '/', 'C', 'v']",R,s,/,C,v,,,,,,,,,,,,,,,
267,"['R', 's', '-', 'A']",R,s,-,A,,,,,,,,,,,,,,,,
268,"['R', 's', '/', 'a', 'C', 'v']",R,s,/,a,C,v,,,,,,,,,,,,,,
269,"['a', 'C', 'c', '-', 'A']",a,C,c,-,A,,,,,,,,,,,,,,,
270,"['a', 'C']",a,C,,,,,,,,,,,,,,,,,,
271,"['C', 'vb', '-', 'A']",C,vb,-,A,,,,,,,,,,,,,,,,
272,"['C', 'v', '=', 'M', 'v']",C,v,=,M,v,,,,,,,,,,,,,,,
273,"['R', 'hk', '=', 'a', 'C', 'hk', '-', 'R', 'b', 'A']",R,hk,=,a,C,hk,-,R,b,,A,,,,,,,,,
274,"['M', 'vb', '/', 'C', 'v']",M,vb,/,C,v,,,,,,,,,,,,,,,
275,"['a', 'C', 'ak']",a,C,ak,,,,,,,,,,,,,,,,,
276,"['M', 'v', '=', 'C', 'v']",M,v,=,C,v,,,,,,,,,,,,,,,
277,"['M', 'vb', '/', 'C', 'v', '-', 'V']",M,vb,/,C,v,-,V,,,,,,,,,,,,,
278,"['M', 'vb', 'V']",M,vb,V,,,,,,,,,,,,,,,,,
279,"['C', 'c']",C,c,,,,,,,,,,,,,,,,,,
280,"['a', 'C', 'c', '-', 'R', 'b', 'A']",a,C,c,-,R,b,A,,,,,,,,,,,,,
281,"['a', 'C', 'ck', '-', 'R', 'b', 'A']",a,C,ck,-,R,b,A,,,,,,,,,,,,,
282,"['C', 'v', '/', 'M', 'v', '-', 'V']",C,v,/,M,v,-,V,,,,,,,,,,,,,
283,"['L', 'p']",L,p,,,,,,,,,,,,,,,,,,
284,"['C', 'v', '/', 'R', 's']",C,v,/,R,s,,,,,,,,,,,,,,,
285,"['C', 'v', '=', 'R', 's']",C,v,=,R,s,,,,,,,,,,,,,,,
286,"['a', 'C', 'v', '=', 'R', 'ah']",a,C,v,=,R,ah,,,,,,,,,,,,,,
287,"['R', 's', '/', 'C', 'v', '-', 'AV']",R,s,/,C,v,-,AV,,,,,,,,,,,,,
288,"['a', 'C', 'k', '=', 'R', 'h', '/', 'MN', '-', 'RA', 'b']",a,C,k,=,R,h,/,MN,-,,RA,b,,,,,,,,
289,"['/', 'C', 'w', '/', 'R', 'h']",/,C,w,/,R,h,,,,,,,,,,,,,,
290,"['a', 'C', 'ak', '-', 'R', 'b', 'A']",a,C,ak,-,R,b,A,,,,,,,,,,,,,
291,"['a', 'C', 'ck', '-', 'R', 'b', 'A']",a,C,ck,-,R,b,A,,,,,,,,,,,,,
292,"['C', 'c']",C,c,,,,,,,,,,,,,,,,,,
293,"['R', 's', '-', 'VRA']",R,s,-,VRA,,,,,,,,,,,,,,,,
294,"['R', 'sk', '/', 'C', 'v', '-', 'AR']",R,sk,/,C,v,-,AR,,,,,,,,,,,,,
295,"['R', 's', '-', 'VA']",R,s,-,VA,,,,,,,,,,,,,,,,
296,"['R', 'sk', '=', 'MN', 'r']",R,sk,=,MN,r,,,,,,,,,,,,,,,
297,"['R', 's', '-', 'A']",R,s,-,A,,,,,,,,,,,,,,,,
298,"['R', 's', '-', 'VRA']",R,s,-,VRA,,,,,,,,,,,,,,,,
299,"['R', 's', '-', 'VRA']",R,s,-,VRA,,,,,,,,,,,,,,,,
300,"['a', 'C', 'cv', '/', 'R', 's']",a,C,cv,/,R,s,,,,,,,,,,,,,,
301,"['R', 's', '-', 'A']",R,s,-,A,,,,,,,,,,,,,,,,
302,"['R', 'ks', '-', 'AR']",R,ks,-,AR,,,,,,,,,,,,,,,,
303,"['C', 'a']",C,a,,,,,,,,,,,,,,,,,,
304,"['C', 'c']",C,c,,,,,,,,,,,,,,,,,,
305,"['C', 'k', '/', 'R', 's', '-', 'A']",C,k,/,R,s,-,A,,,,,,,,,,,,,
306,"['C', 'c', '-', 'A', 'r']",C,c,-,A,r,,,,,,,,,,,,,,,
307,"['C', 'v', '/', 'R', 's']",C,v,/,R,s,,,,,,,,,,,,,,,
308,"['a', 'C', 'a', '=', 'R', 'sr']",a,C,a,=,R,sr,,,,,,,,,,,,,,
309,"['R', 'sk', '/', 'a', 'C', 'a', '-', 'A']",R,sk,/,a,C,a,-,A,,,,,,,,,,,,
310,['I'],I,,,,,,,,,,,,,,,,,,,
311,"['M', 'v', '=', 'C', 'v', '-', 'V']",M,v,=,C,v,-,V,,,,,,,,,,,,,
312,"['MN', 'r', '=', 'R', 'a', '=', 'a', 'C', 'k', '-', 'NR', 'b', 'A']",MN,r,=,R,a,=,a,C,k,,-,NR,b,A,,,,,,
313,"['a', 'C', 'k', '-', 'R', 'b', 'A']",a,C,k,-,R,b,A,,,,,,,,,,,,,
314,"['a', 'C', 'k', '-', 'R', 'b', 'A']",a,C,k,-,R,b,A,,,,,,,,,,,,,
315,"['a', 'C', 'ak', '-', 'R', 'b', 'A']",a,C,ak,-,R,b,A,,,,,,,,,,,,,
316,"['C', 'a']",C,a,,,,,,,,,,,,,,,,,,
317,"['C', 'v', '-', 'A']",C,v,-,A,,,,,,,,,,,,,,,,
318,"['C', 'v', '/', 'R', 's']",C,v,/,R,s,,,,,,,,,,,,,,,
319,"['C', 'v', '-', 'A']",C,v,-,A,,,,,,,,,,,,,,,,
320,"['C', 'v', '/', 'R', 'a']",C,v,/,R,a,,,,,,,,,,,,,,,
321,"['R', 's', '/', 'C', 'v']",R,s,/,C,v,,,,,,,,,,,,,,,
322,"['C', 'k', '-', 'R', 'b', 'A']",C,k,-,R,b,A,,,,,,,,,,,,,,
323,"['C', 'v', '/', 'R', 's', '-', 'VAR']",C,v,/,R,s,-,VAR,,,,,,,,,,,,,
324,"['R', 'sk']",R,sk,,,,,,,,,,,,,,,,,,
325,"['C', 'v', '-', 'A', '/', 'R', 'hs']",C,v,-,A,/,R,hs,,,,,,,,,,,,,
326,"['a', 'C', 'c', '-', 'R', 'b', 'A']",a,C,c,-,R,b,A,,,,,,,,,,,,,
327,"['sg', 'F', '/', 'L', 'p']",sg,F,/,L,p,,,,,,,,,,,,,,,
328,"['M', 'bv', '-', 'VRA', 'd']",M,bv,-,VRA,d,,,,,,,,,,,,,,,
329,"['M', 'v', '=', 'C', 'v']",M,v,=,C,v,,,,,,,,,,,,,,,
330,"['F', 'p']",F,p,,,,,,,,,,,,,,,,,,
331,"['C', 'c']",C,c,,,,,,,,,,,,,,,,,,
332,"['M', 'bv', '/', 'C', 'v', '-', 'V']",M,bv,/,C,v,-,V,,,,,,,,,,,,,
333,"['C', 'ck', '-', 'VAR']",C,ck,-,VAR,,,,,,,,,,,,,,,,
334,"['C', 'c']",C,c,,,,,,,,,,,,,,,,,,
335,"['C', 'av', '/', 'M', 'v', '/', 'R', 's', '-', 'R', 's']",C,av,/,M,v,/,R,s,-,,R,s,,,,,,,,
336,"['C', 'v', '/', 'R', 's']",C,v,/,R,s,,,,,,,,,,,,,,,
337,"['C', 'v', '=', 'R', 's', '-', 'A']",C,v,=,R,s,-,A,,,,,,,,,,,,,
338,"['R', 's', '-', 'A']",R,s,-,A,,,,,,,,,,,,,,,,
339,"['C', 'v', '/', 'R', 's']",C,v,/,R,s,,,,,,,,,,,,,,,
340,"['R', 's', '=', 'C', 'v']",R,s,=,C,v,,,,,,,,,,,,,,,
341,"['a', 'C', 'k', '-', 'R', 'b', 'A']",a,C,k,-,R,b,A,,,,,,,,,,,,,
342,"['a', 'C', 'k', '-', 'R', 'b', 'A']",a,C,k,-,R,b,A,,,,,,,,,,,,,
343,"['M', 'vb', '/', 'C', 'v', '-', 'VRA', 's']",M,vb,/,C,v,-,VRA,s,,,,,,,,,,,,
344,"['C', 'v', '/', 'R', 's', '-', 'V']",C,v,/,R,s,-,V,,,,,,,,,,,,,
345,"['s', 'M', 'vb', '/', 'C', 'v']",s,M,vb,/,C,v,,,,,,,,,,,,,,
346,"['C', 'vb', '/', 'M', 'v']",C,vb,/,M,v,,,,,,,,,,,,,,,
347,"['C', 'v', '=', 'R', 'k']",C,v,=,R,k,,,,,,,,,,,,,,,
348,"['R', 's']",R,s,,,,,,,,,,,,,,,,,,
349,"['M', 'bv', '/', 'C', 'v']",M,bv,/,C,v,,,,,,,,,,,,,,,
350,"['L', 'p']",L,p,,,,,,,,,,,,,,,,,,
351,"['R', 's']",R,s,,,,,,,,,,,,,,,,,,
352,"['C', 'v', '/', 'R', 'k', '-', 'A']",C,v,/,R,k,-,A,,,,,,,,,,,,,
353,"['R', 's']",R,s,,,,,,,,,,,,,,,,,,
354,"['C', 'a', 'A']",C,a,A,,,,,,,,,,,,,,,,,
355,"['s', 'M', 'vb', '/', 'C', 'v']",s,M,vb,/,C,v,,,,,,,,,,,,,,
356,"['M', 'bv', '/', 'C', 'v']",M,bv,/,C,v,,,,,,,,,,,,,,,
357,"['a', 'C', 'ak']",a,C,ak,,,,,,,,,,,,,,,,,
358,"['C', 'k', '/', 'R', 's']",C,k,/,R,s,,,,,,,,,,,,,,,
359,"['a', 'C', 'ca', '-', 'A']",a,C,ca,-,A,,,,,,,,,,,,,,,
360,"['a', 'C', 'cv', '/', 'MN', 'r', '/', 'R', 'ak', '-', 'NR', 'b', 'A']",a,C,cv,/,MN,r,/,R,ak,,-,NR,b,A,,,,,,
361,"['R', 's', '-', 'VA']",R,s,-,VA,,,,,,,,,,,,,,,,
362,['I'],I,,,,,,,,,,,,,,,,,,,
363,"['R', 'ak']",R,ak,,,,,,,,,,,,,,,,,,
364,"['a', 'C', 'v', '-', 'A']",a,C,v,-,A,,,,,,,,,,,,,,,
365,"['R', 's']",R,s,,,,,,,,,,,,,,,,,,
366,"['a', 'C', 'v', '/', 'R', 'k', '-', 'A']",a,C,v,/,R,k,-,A,,,,,,,,,,,,
367,"['a', 'C', 'a']",a,C,a,,,,,,,,,,,,,,,,,
368,"['C', 'v', '-', 'A']",C,v,-,A,,,,,,,,,,,,,,,,
369,"['a', 'C', 'cv', '/', 'R', 's', '-', 'AR']",a,C,cv,/,R,s,-,AR,,,,,,,,,,,,
370,"['R', 'k']",R,k,,,,,,,,,,,,,,,,,,
371,"['R', 's', '/', 'C', 'v']",R,s,/,C,v,,,,,,,,,,,,,,,
372,"['C', 'ac', '-', 'AR', 'd']",C,ac,-,AR,d,,,,,,,,,,,,,,,
373,"['C', 'v', 'A', '-', 'R', 'd']",C,v,A,-,R,d,,,,,,,,,,,,,,
374,"['R', 'k', '/', 'C', 'v']",R,k,/,C,v,,,,,,,,,,,,,,,
375,"['C', 'k', '/', 'R', 's']",C,k,/,R,s,,,,,,,,,,,,,,,
376,"['a', 'C', 'w', '/', 'MN', '/', 'R', 'h', '-', 'N']",a,C,w,/,MN,/,R,h,-,,N,,,,,,,,,
377,"['C', 'v', '/', 'R', 's', '-', 'VAR']",C,v,/,R,s,-,VAR,,,,,,,,,,,,,
378,"['C', 'k', '/', 'R', 's']",C,k,/,R,s,,,,,,,,,,,,,,,
379,"['M', 'bv']",M,bv,,,,,,,,,,,,,,,,,,
380,"['a', 'C', 'a', '-', 'R', 'b', 'A']",a,C,a,-,R,b,A,,,,,,,,,,,,,
381,"['MN', 'r']",MN,r,,,,,,,,,,,,,,,,,,
382,"['R', 'a', '/', 'I']",R,a,/,I,,,,,,,,,,,,,,,,
383,"['C', 'ka']",C,ka,,,,,,,,,,,,,,,,,,
384,"['F', 'f']",F,f,,,,,,,,,,,,,,,,,,
385,"['a', 'C', 'ca', '/', 'F', 'j', 'A', '-', 'AR', 'b', 'A']",a,C,ca,/,F,j,A,-,AR,,b,A,,,,,,,,
386,"['ar', 'C', 'v', '/', 'R', 's']",ar,C,v,/,R,s,,,,,,,,,,,,,,
387,"['a', 'C', 'vc', '=', 'MN', 'r', '/', 'R', 's']",a,C,vc,=,MN,r,/,R,s,,,,,,,,,,,
388,"['/', 'C', 'w', '-', 'N', '/', 'R', 'hr']",/,C,w,-,N,/,R,hr,,,,,,,,,,,,
389,"['R', 's', '/', 'C', 'v']",R,s,/,C,v,,,,,,,,,,,,,,,
390,"['C', 'k']",C,k,,,,,,,,,,,,,,,,,,
391,"['a', 'C', 'ak']",a,C,ak,,,,,,,,,,,,,,,,,
392,"['C', 'v', '/', 'M', 'v', '/', 'R', 's']",C,v,/,M,v,/,R,s,,,,,,,,,,,,
393,"['C', 'kc', '/', 'M', 'bv']",C,kc,/,M,bv,,,,,,,,,,,,,,,
394,"['C', 'k', '/', 'R', 's']",C,k,/,R,s,,,,,,,,,,,,,,,
395,"['F', 'pt']",F,pt,,,,,,,,,,,,,,,,,,
396,"['C', 'fc']",C,fc,,,,,,,,,,,,,,,,,,
397,"['C', 'h']",C,h,,,,,,,,,,,,,,,,,,
398,"['C', 'v', '=', 'R', 's', '-', 'VR']",C,v,=,R,s,-,VR,,,,,,,,,,,,,
399,"['a', 'C', 'a', '=', 'M', 'v']",a,C,a,=,M,v,,,,,,,,,,,,,,
400,"['a', 'C', 'k', '-', 'R', 'b', 'AN']",a,C,k,-,R,b,AN,,,,,,,,,,,,,
401,"['C', 'va']",C,va,,,,,,,,,,,,,,,,,,
402,"['R', 's', '-', 'RV']",R,s,-,RV,,,,,,,,,,,,,,,,
403,"['a', 'C', 'k', '-', 'R', 'b', 'A']",a,C,k,-,R,b,A,,,,,,,,,,,,,
404,"['R', 'sk', '/', 'C', 'v']",R,sk,/,C,v,,,,,,,,,,,,,,,
405,"['C', 'v', '/', 'R', 'as', '-', 'A']",C,v,/,R,as,-,A,,,,,,,,,,,,,
406,"['a', 'C', 'k', '=', 'R', 'b', 'A']",a,C,k,=,R,b,A,,,,,,,,,,,,,
407,"['C', 'c']",C,c,,,,,,,,,,,,,,,,,,
408,"['r', 'C', 'v', '/', 'R', 's', '-', 'AR']",r,C,v,/,R,s,-,AR,,,,,,,,,,,,
409,"['C', 'f', '-', 'AR']",C,f,-,AR,,,,,,,,,,,,,,,,
410,"['C', 'a']",C,a,,,,,,,,,,,,,,,,,,
411,"['C', 'c']",C,c,,,,,,,,,,,,,,,,,,
412,"['C', 'k', '-', 'AR', 'd']",C,k,-,AR,d,,,,,,,,,,,,,,,
413,"['C', 'c', '-', 'AR', 'd']",C,c,-,AR,d,,,,,,,,,,,,,,,
414,"['C', 'c']",C,c,,,,,,,,,,,,,,,,,,
415,"['R', 's', '/', 'C', 'v', '-', 'RV']",R,s,/,C,v,-,RV,,,,,,,,,,,,,
416,"['a', 'C', 'k', '-', 'R', 'b', 'A']",a,C,k,-,R,b,A,,,,,,,,,,,,,
417,"['ar', 'C', 'v', '/', 'R', 's', '-', 'AR']",ar,C,v,/,R,s,-,AR,,,,,,,,,,,,
418,"['R', 'k', '/', 'C', 'v']",R,k,/,C,v,,,,,,,,,,,,,,,
419,"['R', 's']",R,s,,,,,,,,,,,,,,,,,,
420,"['R', 's', '/', 'C', 'v']",R,s,/,C,v,,,,,,,,,,,,,,,
421,"['C', 'v', '=', 'R', 'k', '-', 'A']",C,v,=,R,k,-,A,,,,,,,,,,,,,
422,"['C', 'va', '/', 'R', 'a']",C,va,/,R,a,,,,,,,,,,,,,,,
423,"['C', 'v', '=', 'R', 's', '-', 'VAR']",C,v,=,R,s,-,VAR,,,,,,,,,,,,,
424,"['C', 'v', '=', 'R', 's', '-', 'VA']",C,v,=,R,s,-,VA,,,,,,,,,,,,,
425,"['R', 's']",R,s,,,,,,,,,,,,,,,,,,
426,['I'],I,,,,,,,,,,,,,,,,,,,
427,"['C', 'c', '-', 'AR', 'd']",C,c,-,AR,d,,,,,,,,,,,,,,,
428,"['C', 'a', 'A']",C,a,A,,,,,,,,,,,,,,,,,
429,"['C', 'c', '-', 'AR', 'd']",C,c,-,AR,d,,,,,,,,,,,,,,,
430,['I'],I,,,,,,,,,,,,,,,,,,,
431,['I'],I,,,,,,,,,,,,,,,,,,,
432,['I'],I,,,,,,,,,,,,,,,,,,,
433,"['C', 'v', '/', 'R', 's', '-', 'V']",C,v,/,R,s,-,V,,,,,,,,,,,,,
434,"['R', 's', '-', 'V']",R,s,-,V,,,,,,,,,,,,,,,,
435,"['C', 'v', '=', 'R', 's', '-', 'VR']",C,v,=,R,s,-,VR,,,,,,,,,,,,,
436,"['a', 'C', 'bv', '/', 'R', 's', '-', 'AR', 'b']",a,C,bv,/,R,s,-,AR,b,,,,,,,,,,,
437,"['a', 'C', 'v', '/', 'R', 'k']",a,C,v,/,R,k,,,,,,,,,,,,,,
438,"['C', 'v', '=', 'R', 's', '-', 'VR']",C,v,=,R,s,-,VR,,,,,,,,,,,,,
439,"['a', 'C', 'c', '/', 'MN', 'r', '-', 'R', 'b', 'A']",a,C,c,/,MN,r,-,R,b,,A,,,,,,,,,
440,"['a', 'C', 'ck', '-', 'R', 'b', 'A', 'd']",a,C,ck,-,R,b,A,d,,,,,,,,,,,,
441,"['a', 'C', 'a', '/', 'R', 's']",a,C,a,/,R,s,,,,,,,,,,,,,,
442,"['R', 'sh']",R,sh,,,,,,,,,,,,,,,,,,
443,"['C', 'kc']",C,kc,,,,,,,,,,,,,,,,,,
444,['NTA'],NTA,,,,,,,,,,,,,,,,,,,
445,"['R', 'sh']",R,sh,,,,,,,,,,,,,,,,,,
446,"['R', 's']",R,s,,,,,,,,,,,,,,,,,,
447,"['a', 'C', 'k', '-', 'R', 'b', 'A']",a,C,k,-,R,b,A,,,,,,,,,,,,,
448,"['R', 's', '/', 'C', 'v', '-', 'A']",R,s,/,C,v,-,A,,,,,,,,,,,,,
449,"['R', 's']",R,s,,,,,,,,,,,,,,,,,,
450,"['C', 'v', '/', 'R', 's', '-', 'V']",C,v,/,R,s,-,V,,,,,,,,,,,,,
451,"['R', 's', '/', 'C', 'v', '-', 'AV']",R,s,/,C,v,-,AV,,,,,,,,,,,,,
452,"['C', 'kv', '=', 'R', 's']",C,kv,=,R,s,,,,,,,,,,,,,,,
453,"['C', 'k', 'R', 'b', '-', 'A']",C,k,R,b,-,A,,,,,,,,,,,,,,
454,"['R', 's', '=', 'C', 'v']",R,s,=,C,v,,,,,,,,,,,,,,,
455,"['/', 'C', 'w', '/', 'R', 'hk']",/,C,w,/,R,hk,,,,,,,,,,,,,,
456,"['R', 'sk', '=', 'C', 'va', '-', 'RA', 'b']",R,sk,=,C,va,-,RA,b,,,,,,,,,,,,
457,"['R', 'k', '/', 'C', 'v']",R,k,/,C,v,,,,,,,,,,,,,,,
458,"['MN', 'r']",MN,r,,,,,,,,,,,,,,,,,,
459,['NTA'],NTA,,,,,,,,,,,,,,,,,,,
460,['I'],I,,,,,,,,,,,,,,,,,,,
461,"['a', 'C', 'a', '/', 'R', 's', '-', 'R', 'b', 'A']",a,C,a,/,R,s,-,R,b,,A,,,,,,,,,
462,"['R', 'h', '/', 'C', 'w']",R,h,/,C,w,,,,,,,,,,,,,,,
463,"['C', 'v', '/', 'R', 's']",C,v,/,R,s,,,,,,,,,,,,,,,
464,"['R', 's', '/', 'C', 'v', '-', 'AR']",R,s,/,C,v,-,AR,,,,,,,,,,,,,
465,"['M', 'v', '=', 'C', 'v', '-', 'F']",M,v,=,C,v,-,F,,,,,,,,,,,,,
466,"['M', 'v', '=', 'C', 'v']",M,v,=,C,v,,,,,,,,,,,,,,,
467,"['C', 'v', '/', 'R', 's', '-', 'ARV']",C,v,/,R,s,-,ARV,,,,,,,,,,,,,
468,"['C', 'v', '=', 'R', 's']",C,v,=,R,s,,,,,,,,,,,,,,,
469,"['R', 's', '/', 'C', 'v', '-', 'RV']",R,s,/,C,v,-,RV,,,,,,,,,,,,,
470,"['C', 'v', '/', 'R', 's']",C,v,/,R,s,,,,,,,,,,,,,,,
471,"['g', 'FG', 't']",g,FG,t,,,,,,,,,,,,,,,,,
472,"['FG', 't']",FG,t,,,,,,,,,,,,,,,,,,
473,"['g', 'FG', 'ts']",g,FG,ts,,,,,,,,,,,,,,,,,
474,"['M', 'bv', '-', 'RA', 's', 'V']",M,bv,-,RA,s,V,,,,,,,,,,,,,,
475,"['M', 'v', '=', 'C', 'v', '/', 'R', 's']",M,v,=,C,v,/,R,s,,,,,,,,,,,,
476,"['M', 'bv']",M,bv,,,,,,,,,,,,,,,,,,
477,"['M', 'w']",M,w,,,,,,,,,,,,,,,,,,
478,"['R', 's', '/', 'C', 'v', '-', 'AR']",R,s,/,C,v,-,AR,,,,,,,,,,,,,
479,"['M', 'w', '/', 'R', 'ah']",M,w,/,R,ah,,,,,,,,,,,,,,,
480,"['C', 'v', '/', 'R', 'hs']",C,v,/,R,hs,,,,,,,,,,,,,,,
481,"['R', 'as', '=', 'C', 'v']",R,as,=,C,v,,,,,,,,,,,,,,,
482,"['C', 'v', '=', 'R', 'ha']",C,v,=,R,ha,,,,,,,,,,,,,,,
483,"['R', 's', '/', 'C', 'v']",R,s,/,C,v,,,,,,,,,,,,,,,
484,"['C', 'w', '=', 'R', 'ak']",C,w,=,R,ak,,,,,,,,,,,,,,,
485,"['M', 'v']",M,v,,,,,,,,,,,,,,,,,,
486,"['C', 'v', '/', 'R', 's']",C,v,/,R,s,,,,,,,,,,,,,,,
487,"['C', 'v', '/', 'R', 'h']",C,v,/,R,h,,,,,,,,,,,,,,,
488,"['M', 'v', '/', 'C', 'v']",M,v,/,C,v,,,,,,,,,,,,,,,
489,"['M', 'w', '/', 'R', 'uh']",M,w,/,R,uh,,,,,,,,,,,,,,,
490,"['C', 'v', '/', 'R', 's']",C,v,/,R,s,,,,,,,,,,,,,,,
491,"['C', 'v', '/', 'M', 'v']",C,v,/,M,v,,,,,,,,,,,,,,,
492,"['M', 'bv', '-', 'V']",M,bv,-,V,,,,,,,,,,,,,,,,
493,"['M', 'v', '=', 'C', 'v', '/', 'R', 'k']",M,v,=,C,v,/,R,k,,,,,,,,,,,,
494,"['C', 'v', '=', 'R', 's', '-', 'RA']",C,v,=,R,s,-,RA,,,,,,,,,,,,,
495,"['C', 'v', '/', 'R', 'ks']",C,v,/,R,ks,,,,,,,,,,,,,,,
496,"['C', 'a']",C,a,,,,,,,,,,,,,,,,,,
497,"['C', 'ca']",C,ca,,,,,,,,,,,,,,,,,,
498,"['C', 'v', '=', 'R', 's', '-', 'RA']",C,v,=,R,s,-,RA,,,,,,,,,,,,,
499,"['R', 's']",R,s,,,,,,,,,,,,,,,,,,
500,"['C', 'c']",C,c,,,,,,,,,,,,,,,,,,
501,"['a', 'C', 'c', '-', 'R', 'b', 'A']",a,C,c,-,R,b,A,,,,,,,,,,,,,
502,"['C', 'c']",C,c,,,,,,,,,,,,,,,,,,
503,"['C', 'v', '/', 'R', 's', '-', 'A']",C,v,/,R,s,-,A,,,,,,,,,,,,,
504,"['M', 'v', '/', 'R', 'hk']",M,v,/,R,hk,,,,,,,,,,,,,,,
505,"['C', 'c', '-', 'A']",C,c,-,A,,,,,,,,,,,,,,,,
506,"['C', 'f']",C,f,,,,,,,,,,,,,,,,,,
507,"['C', 'v', '/', 'R', 's']",C,v,/,R,s,,,,,,,,,,,,,,,
508,"['R', 'ks', '/', 'C', 'v', '-', 'AR']",R,ks,/,C,v,-,AR,,,,,,,,,,,,,
509,"['R', 's']",R,s,,,,,,,,,,,,,,,,,,
510,"['M', 'bv', '/', 'C', 'v']",M,bv,/,C,v,,,,,,,,,,,,,,,
511,"['R', 's']",R,s,,,,,,,,,,,,,,,,,,
512,"['C', 'v', '=', 'M', 'v', '/', 'R', 's', '-', 'S']",C,v,=,M,v,/,R,s,-,,S,,,,,,,,,
513,"['L', 'p']",L,p,,,,,,,,,,,,,,,,,,
514,"['C', 'v', '/', 'R', 's', '-', 'A']",C,v,/,R,s,-,A,,,,,,,,,,,,,
515,"['r', 'C', 'ac']",r,C,ac,,,,,,,,,,,,,,,,,
516,"['C', 'v', '=', 'R', 's', '-', 'A']",C,v,=,R,s,-,A,,,,,,,,,,,,,
517,"['C', 'v', '=', 'R', 's', '-', 'AR', 'b']",C,v,=,R,s,-,AR,b,,,,,,,,,,,,
518,"['R', 'r', '/', 'C', 'w']",R,r,/,C,w,,,,,,,,,,,,,,,
519,"['C', 'v', '/', 'R', 'ha']",C,v,/,R,ha,,,,,,,,,,,,,,,
520,"['R', 's', '=', 'C', 'v', '-', 'A']",R,s,=,C,v,-,A,,,,,,,,,,,,,
521,"['R', 'ah']",R,ah,,,,,,,,,,,,,,,,,,
522,"['sg', 'FG', 'ja']",sg,FG,ja,,,,,,,,,,,,,,,,,
523,"['R', 's']",R,s,,,,,,,,,,,,,,,,,,
524,"['g', 'F', 't']",g,F,t,,,,,,,,,,,,,,,,,
525,"['g', 'F', 't']",g,F,t,,,,,,,,,,,,,,,,,
526,"['C', 'h']",C,h,,,,,,,,,,,,,,,,,,
527,"['$LG', 'v', '/', 's', 'FG', 't']",$LG,v,/,s,FG,t,,,,,,,,,,,,,,
528,"['C', 'v']",C,v,,,,,,,,,,,,,,,,,,
529,"['C', 'c']",C,c,,,,,,,,,,,,,,,,,,
530,"['C', 'f', '/', 'f', 'LG', 't']",C,f,/,f,LG,t,,,,,,,,,,,,,,
531,"['C', 'h']",C,h,,,,,,,,,,,,,,,,,,
532,"['M', 'bv']",M,bv,,,,,,,,,,,,,,,,,,
533,"['C', 'v', '/', 'M', 'v']",C,v,/,M,v,,,,,,,,,,,,,,,
534,"['M', 'w', '/', 'R', 'sh']",M,w,/,R,sh,,,,,,,,,,,,,,,
535,"['M', 'w', '/', 'R', 'aj']",M,w,/,R,aj,,,,,,,,,,,,,,,
536,"['s', 'FG', 't']",s,FG,t,,,,,,,,,,,,,,,,,
537,"['C', 'v', '/', 'R', 'rs']",C,v,/,R,rs,,,,,,,,,,,,,,,
538,"['C', 'f', '-', 'R', 'd']",C,f,-,R,d,,,,,,,,,,,,,,,
539,"['U', 's']",U,s,,,,,,,,,,,,,,,,,,
540,"['FG', 't']",FG,t,,,,,,,,,,,,,,,,,,
541,"['C', 'f']",C,f,,,,,,,,,,,,,,,,,,
542,"['C', 'f', '-', 'R', 'd']",C,f,-,R,d,,,,,,,,,,,,,,,
543,"['C', 'v', '=', 'R', 's']",C,v,=,R,s,,,,,,,,,,,,,,,
544,"['R', 's', '/', 'C', 'v', '-', 'AR']",R,s,/,C,v,-,AR,,,,,,,,,,,,,
545,"['R', 's']",R,s,,,,,,,,,,,,,,,,,,
546,"['R', 's', '/', 'C', 'v', '-', 'VA']",R,s,/,C,v,-,VA,,,,,,,,,,,,,
547,"['C', 'v']",C,v,,,,,,,,,,,,,,,,,,
548,"['/', 'M', 'w', '/', 'R', 'h']",/,M,w,/,R,h,,,,,,,,,,,,,,
549,"['M', 'vb', '=', 'C', 'v', '/', 'R', 's']",M,vb,=,C,v,/,R,s,,,,,,,,,,,,
550,"['/', 'M', 'w', '/', 'R', 'h']",/,M,w,/,R,h,,,,,,,,,,,,,,
551,"['F', 'p']",F,p,,,,,,,,,,,,,,,,,,
552,"['M', 'v', '=', 'C', 'v']",M,v,=,C,v,,,,,,,,,,,,,,,
553,"['C', 'vb']",C,vb,,,,,,,,,,,,,,,,,,
554,"['R', 'h', '/', 'C', 'w']",R,h,/,C,w,,,,,,,,,,,,,,,
555,"['C', 'w', '/', 'R', 'hk']",C,w,/,R,hk,,,,,,,,,,,,,,,
556,"['C', 'vb', '/', 'R', 's']",C,vb,/,R,s,,,,,,,,,,,,,,,
557,"['M', 'v', '=', 'C', 'v']",M,v,=,C,v,,,,,,,,,,,,,,,
558,"['R', 's']",R,s,,,,,,,,,,,,,,,,,,
559,"['C', 'w', '/', 'R', 'h']",C,w,/,R,h,,,,,,,,,,,,,,,
560,"['C', 'k']",C,k,,,,,,,,,,,,,,,,,,
561,"['R', 's', '-', 'AR', 'b', 'A']",R,s,-,AR,b,A,,,,,,,,,,,,,,
562,"['a', 'C', 'ck', '-', 'AR', 'b', 'A']",a,C,ck,-,AR,b,A,,,,,,,,,,,,,
563,"['/', 'C', 'w', '/', 'R', 's', '/', 'R', 'rh']",/,C,w,/,R,s,/,R,rh,,,,,,,,,,,
564,"['C', 'v', '/', 'M', 'v']",C,v,/,M,v,,,,,,,,,,,,,,,
565,"['M', 'bv']",M,bv,,,,,,,,,,,,,,,,,,
566,"['F', 'p']",F,p,,,,,,,,,,,,,,,,,,
567,"['C', 'v', '-', 'A']",C,v,-,A,,,,,,,,,,,,,,,,
568,"['C', 'c']",C,c,,,,,,,,,,,,,,,,,,
569,"['C', 'v', '=', 'M', 'v']",C,v,=,M,v,,,,,,,,,,,,,,,
570,"['FG', 't']",FG,t,,,,,,,,,,,,,,,,,,
571,"['M', 'b', '-', 'V']",M,b,-,V,,,,,,,,,,,,,,,,
572,"['M', 'bv']",M,bv,,,,,,,,,,,,,,,,,,
573,"['C', 'v', '/', 'M', 'v']",C,v,/,M,v,,,,,,,,,,,,,,,
574,"['R', 's', '=', 'C', 'v', '-', 'VR']",R,s,=,C,v,-,VR,,,,,,,,,,,,,
575,"['M', 'w', '=', 'C', 'w', '/', 'R', 'r']",M,w,=,C,w,/,R,r,,,,,,,,,,,,
576,"['C', 'v', '/', 'R', 's']",C,v,/,R,s,,,,,,,,,,,,,,,
577,"['M', 'vb', '/', 'C', 'v']",M,vb,/,C,v,,,,,,,,,,,,,,,
578,"['M', 'bv', '/', 'C', 'v']",M,bv,/,C,v,,,,,,,,,,,,,,,
579,"['C', 'v', '=', 'R', 's', '-', 'VAR']",C,v,=,R,s,-,VAR,,,,,,,,,,,,,
580,"['R', 's', '-', 'VAR']",R,s,-,VAR,,,,,,,,,,,,,,,,
581,"['R', 'sk', '/', 'a', 'C', 'w']",R,sk,/,a,C,w,,,,,,,,,,,,,,
582,"['R', 'rk', '/', 'C', 'w', '-', 'N']",R,rk,/,C,w,-,N,,,,,,,,,,,,,
583,"['a', 'C', 'k']",a,C,k,,,,,,,,,,,,,,,,,
584,"['a', 'C', 'k', '-', 'AR', 'b']",a,C,k,-,AR,b,,,,,,,,,,,,,,
585,"['a', 'C', 'w', '-', 'N', '/', 'R', 'h']",a,C,w,-,N,/,R,h,,,,,,,,,,,,
586,"['C', 'v', '/', 'R', 's']",C,v,/,R,s,,,,,,,,,,,,,,,
587,"['R', 's']",R,s,,,,,,,,,,,,,,,,,,
588,"['C', 'v', '/', 'R', 's', '-', 'A']",C,v,/,R,s,-,A,,,,,,,,,,,,,
589,"['R', 's']",R,s,,,,,,,,,,,,,,,,,,
590,"['a', 'C', 'a']",a,C,a,,,,,,,,,,,,,,,,,
591,"['C', 'v', '/', 'R', 's', '-', 'V']",C,v,/,R,s,-,V,,,,,,,,,,,,,
592,"['C', 'a']",C,a,,,,,,,,,,,,,,,,,,
593,"['R', 's']",R,s,,,,,,,,,,,,,,,,,,
594,"['C', 'v', '/', 'M', 'v', '-', 'V']",C,v,/,M,v,-,V,,,,,,,,,,,,,
595,"['R', 's', '=', 'C', 'v']",R,s,=,C,v,,,,,,,,,,,,,,,
596,"['M', 'u']",M,u,,,,,,,,,,,,,,,,,,
597,"['s', 'M', 'bv', '/', 'C', 'v', '/', 'R', 's']",s,M,bv,/,C,v,/,R,s,,,,,,,,,,,
598,"['C', 'v', '=', 'R', 'hs', '/', 'M', 'v']",C,v,=,R,hs,/,M,v,,,,,,,,,,,,
599,"['C', 'ck']",C,ck,,,,,,,,,,,,,,,,,,
600,"['F', 'pt']",F,pt,,,,,,,,,,,,,,,,,,
601,"['C', 'a', '=', 'F', 'p', '-', 'I']",C,a,=,F,p,-,I,,,,,,,,,,,,,
602,"['M', 'bv']",M,bv,,,,,,,,,,,,,,,,,,
603,"['C', 'f']",C,f,,,,,,,,,,,,,,,,,,
604,"['C', 'v', '=', 'R', 's', '-', 'V']",C,v,=,R,s,-,V,,,,,,,,,,,,,
605,"['R', 's', '-', 'V']",R,s,-,V,,,,,,,,,,,,,,,,
606,"['C', 'v', '/', 'R', 'ks']",C,v,/,R,ks,,,,,,,,,,,,,,,
607,"['R', 's', '-', 'V']",R,s,-,V,,,,,,,,,,,,,,,,
608,"['R', 's', '=', 'a', 'C', 'ck', '-', 'R', 'b', 'AA']",R,s,=,a,C,ck,-,R,b,,AA,,,,,,,,,
609,"['R', 's']",R,s,,,,,,,,,,,,,,,,,,
610,"['a', 'C', 'k']",a,C,k,,,,,,,,,,,,,,,,,
611,"['M', 'bv']",M,bv,,,,,,,,,,,,,,,,,,
612,"['L', 'p']",L,p,,,,,,,,,,,,,,,,,,
613,"['M', 'v', '=', 'C', 'v']",M,v,=,C,v,,,,,,,,,,,,,,,
614,"['fg', 'FG', 's', '=', 'C', 's', '=', 'M', 'v', '/', 'R', 's', '-', 'V']",fg,FG,s,=,C,s,=,M,v,,/,R,s,-,V,,,,,
615,"['FA', 'p', '/', 'F', 't', '-', 'B']",FA,p,/,F,t,-,B,,,,,,,,,,,,,
616,"['M', 'v', '/', 'C', 'v']",M,v,/,C,v,,,,,,,,,,,,,,,
617,"['FG', 't']",FG,t,,,,,,,,,,,,,,,,,,
618,"['FG', 't']",FG,t,,,,,,,,,,,,,,,,,,
619,"['a', 'C', 'h']",a,C,h,,,,,,,,,,,,,,,,,
620,"['C', 'v', '/', 'R', 'a']",C,v,/,R,a,,,,,,,,,,,,,,,
621,"['C', 'v', '/', 'R', 's', '-', 'V']",C,v,/,R,s,-,V,,,,,,,,,,,,,
622,"['C', 'c']",C,c,,,,,,,,,,,,,,,,,,
623,"['C', 'vb']",C,vb,,,,,,,,,,,,,,,,,,
624,"['R', 'ha']",R,ha,,,,,,,,,,,,,,,,,,
625,"['R', 'k', '/', 'C', 'v']",R,k,/,C,v,,,,,,,,,,,,,,,
626,"['C', 'v', '/', 'R', 's', '-', 'RA']",C,v,/,R,s,-,RA,,,,,,,,,,,,,
627,"['/', 'M', 'w', '/', 'R', 'h']",/,M,w,/,R,h,,,,,,,,,,,,,,
628,"['M', 'bv', '=', 'C', 'v']",M,bv,=,C,v,,,,,,,,,,,,,,,
629,"['M', 'bv']",M,bv,,,,,,,,,,,,,,,,,,
630,"['R', 's', '=', 'C', 'v']",R,s,=,C,v,,,,,,,,,,,,,,,
631,"['C', 'v', '/', 'R', 'sh']",C,v,/,R,sh,,,,,,,,,,,,,,,
632,"['C', 'v', '/', 'R', 's', '-', 'AR']",C,v,/,R,s,-,AR,,,,,,,,,,,,,
633,"['M', 'v', '=', 'C', 'v', '-', 'V']",M,v,=,C,v,-,V,,,,,,,,,,,,,
634,"['C', 'v', '=', 'M', 'v', '/', 'R', 's', '-', 'VRA', 'sd']",C,v,=,M,v,/,R,s,-,,VRA,sd,,,,,,,,
635,"['C', 'k', '-', 'A']",C,k,-,A,,,,,,,,,,,,,,,,
636,"['C', 'v', '=', 'M', 'v', '/', 'R', 's']",C,v,=,M,v,/,R,s,,,,,,,,,,,,
637,"['M', 'bv', '/', 'C', 'v', '-', 'VRA', 'sd']",M,bv,/,C,v,-,VRA,sd,,,,,,,,,,,,
638,"['/', 'M', 'w', '=', 'C', 'w', '/', 'R', 'h']",/,M,w,=,C,w,/,R,h,,,,,,,,,,,
639,"['C', 'fh', '=', 'R', 'd']",C,fh,=,R,d,,,,,,,,,,,,,,,
640,"['M', 'bv', '=', 'C', 'v']",M,bv,=,C,v,,,,,,,,,,,,,,,
641,"['M', 'bv', '=', 'C', 'v', '-', 'VR']",M,bv,=,C,v,-,VR,,,,,,,,,,,,,
642,"['M', 'bv']",M,bv,,,,,,,,,,,,,,,,,,
643,"['C', 'f']",C,f,,,,,,,,,,,,,,,,,,
644,"['F', 'p']",F,p,,,,,,,,,,,,,,,,,,
645,"['M', 'bv', '/', 'R', 's', '-', 'V']",M,bv,/,R,s,-,V,,,,,,,,,,,,,
646,"['C', 'f']",C,f,,,,,,,,,,,,,,,,,,
647,"['M', 'v', '=', 'C', 'v', '/', 'R', 's', '-', 'V']",M,v,=,C,v,/,R,s,-,,V,,,,,,,,,
648,"['C', 'ca']",C,ca,,,,,,,,,,,,,,,,,,
649,"['M', 'v', '=', 'C', 'v', '-', 'V']",M,v,=,C,v,-,V,,,,,,,,,,,,,
650,"['C', 'v', '/', 'R', 's', '-', 'R']",C,v,/,R,s,-,R,,,,,,,,,,,,,
651,"['/', 'C', 'w', '/', 'R', 'h']",/,C,w,/,R,h,,,,,,,,,,,,,,
652,"['C', 'v']",C,v,,,,,,,,,,,,,,,,,,
653,"['F', 'p']",F,p,,,,,,,,,,,,,,,,,,
654,"['C', 'v', '/', 'M', 'v', '/', 'R', 's', '-', 'V']",C,v,/,M,v,/,R,s,-,,V,,,,,,,,,
655,"['R', 's']",R,s,,,,,,,,,,,,,,,,,,
656,"['C', 'v', '=', 'M', 'v', '=', 'V']",C,v,=,M,v,=,V,,,,,,,,,,,,,
657,"['M', 'bv']",M,bv,,,,,,,,,,,,,,,,,,
658,"['M', 'bv', '=', 'C', 'v']",M,bv,=,C,v,,,,,,,,,,,,,,,
659,"['C', 'v', '-', 'A']",C,v,-,A,,,,,,,,,,,,,,,,
660,"['M', 'v', '=', 'C', 'v']",M,v,=,C,v,,,,,,,,,,,,,,,
661,"['C', 'f']",C,f,,,,,,,,,,,,,,,,,,
662,"['M', 'bu']",M,bu,,,,,,,,,,,,,,,,,,
663,"['M', 'uh']",M,uh,,,,,,,,,,,,,,,,,,
664,"['/', 'M', 'w', '/', 'R', 'h']",/,M,w,/,R,h,,,,,,,,,,,,,,
665,"['gs', 'FG', 'bu']",gs,FG,bu,,,,,,,,,,,,,,,,,
666,"['g', 'FG', 't']",g,FG,t,,,,,,,,,,,,,,,,,
667,"['C', 'v', '/', 'M', 'w', '/', '-', 'VR', '/', 'R', 'as']",C,v,/,M,w,/,-,VR,/,,R,as,,,,,,,,
668,"['U', 's', '-', 'V', '/', 'R', 's']",U,s,-,V,/,R,s,,,,,,,,,,,,,
669,"['g', 'FG', 't']",g,FG,t,,,,,,,,,,,,,,,,,
670,"['C', 'f']",C,f,,,,,,,,,,,,,,,,,,
671,"['M', 'bw']",M,bw,,,,,,,,,,,,,,,,,,
672,"['U', 'a']",U,a,,,,,,,,,,,,,,,,,,
673,"['M', 'w', '=', 'C', 'v', '/', 'R']",M,w,=,C,v,/,R,,,,,,,,,,,,,
674,"['g', 'FG', 't']",g,FG,t,,,,,,,,,,,,,,,,,
675,"['R', 's', '=', 'C', 'a']",R,s,=,C,a,,,,,,,,,,,,,,,
676,"['FG', 't']",FG,t,,,,,,,,,,,,,,,,,,
677,"['C', 'v', '/', 'R', 's']",C,v,/,R,s,,,,,,,,,,,,,,,
678,"['M', 'v', '/', 'g', 'FG', 't']",M,v,/,g,FG,t,,,,,,,,,,,,,,
679,"['U', 'a', '-', 'V']",U,a,-,V,,,,,,,,,,,,,,,,
680,"['g', 'FA', 'p', '-', 'B']",g,FA,p,-,B,,,,,,,,,,,,,,,
681,"['C', 'f']",C,f,,,,,,,,,,,,,,,,,,
682,"['M', 'w', '/', 'R']",M,w,/,R,,,,,,,,,,,,,,,,
683,"['C', 'v', '/', 'M', 'w', '/', 'R', 'as']",C,v,/,M,w,/,R,as,,,,,,,,,,,,
684,"['g', 'FG', 't']",g,FG,t,,,,,,,,,,,,,,,,,
685,"['r', 'C', 'af']",r,C,af,,,,,,,,,,,,,,,,,
686,"['C', 'f']",C,f,,,,,,,,,,,,,,,,,,
687,"['sg', 'F', 'p']",sg,F,p,,,,,,,,,,,,,,,,,
688,"['F', 'f']",F,f,,,,,,,,,,,,,,,,,,
689,"['sg', 'FG', 's', '/', 'M', 's', '/', '$LLG', 's', '-', 'R', 'ds', 'V', '/', 'M', 's', '/', 'g', 'FG']",sg,FG,s,/,M,s,/,$LLG,s,,-,R,ds,V,/,M,s,/,g,FG
690,"['C', 'f']",C,f,,,,,,,,,,,,,,,,,,
691,"['U', 'sa']",U,sa,,,,,,,,,,,,,,,,,,
692,"['g', 'F', 't']",g,F,t,,,,,,,,,,,,,,,,,
693,"['FG', 't']",FG,t,,,,,,,,,,,,,,,,,,
694,"['g', 'FG', 't']",g,FG,t,,,,,,,,,,,,,,,,,
695,"['r', 'C', 'a', '/', 'R', 's']",r,C,a,/,R,s,,,,,,,,,,,,,,
696,"['U', 'a']",U,a,,,,,,,,,,,,,,,,,,
697,"['M', 'b', '-', 'F']",M,b,-,F,,,,,,,,,,,,,,,,
698,"['C', 'f']",C,f,,,,,,,,,,,,,,,,,,
699,"['g', 'FG', 't']",g,FG,t,,,,,,,,,,,,,,,,,
700,"['C', 'v', '/', 'R', 's']",C,v,/,R,s,,,,,,,,,,,,,,,
701,"['C', 'v', '/', 'M', 'v']",C,v,/,M,v,,,,,,,,,,,,,,,
702,"['C', 'vb']",C,vb,,,,,,,,,,,,,,,,,,
703,"['M', 'bv']",M,bv,,,,,,,,,,,,,,,,,,
704,"['C', 'v', '/', 'R', 's']",C,v,/,R,s,,,,,,,,,,,,,,,
705,"['M', 'bv', '/', 'C', 'v']",M,bv,/,C,v,,,,,,,,,,,,,,,
706,"['C', 'v', '/', 'M', 'v']",C,v,/,M,v,,,,,,,,,,,,,,,
707,"['C', 'v', '/', 'R', 's', '-', 'V']",C,v,/,R,s,-,V,,,,,,,,,,,,,
708,"['C', 'v', '/', 'M', 'v', '-', 'R', 's']",C,v,/,M,v,-,R,s,,,,,,,,,,,,
709,"['F', 'f']",F,f,,,,,,,,,,,,,,,,,,
710,"['C', 'v']",C,v,,,,,,,,,,,,,,,,,,
711,"['M', 'vb', '/', 'C', 'v']",M,vb,/,C,v,,,,,,,,,,,,,,,
712,"['U', 's']",U,s,,,,,,,,,,,,,,,,,,
713,"['C', 'v', '=', 'M', 'v', '/', 'R', 's', '-', 'VR']",C,v,=,M,v,/,R,s,-,,VR,,,,,,,,,
714,"['C', 'vb', '-', 'V']",C,vb,-,V,,,,,,,,,,,,,,,,
715,"['C', 'v']",C,v,,,,,,,,,,,,,,,,,,
716,"['C', 'v', '/', 'R', 'ah']",C,v,/,R,ah,,,,,,,,,,,,,,,
717,"['R', 's']",R,s,,,,,,,,,,,,,,,,,,
718,"['M', 'vb', '/', 'R', 's']",M,vb,/,R,s,,,,,,,,,,,,,,,
719,"['M', 'vb', '=', 'C', 'v']",M,vb,=,C,v,,,,,,,,,,,,,,,
720,"['C', 'v', '/', 'R', 's', '-', 'VR', 's']",C,v,/,R,s,-,VR,s,,,,,,,,,,,,
721,"['C', 'v', '/', 'M', 'v']",C,v,/,M,v,,,,,,,,,,,,,,,
722,"['C', 'v', '/', 'R', 's', '-', 'VR']",C,v,/,R,s,-,VR,,,,,,,,,,,,,
723,"['C', 'v', '/', 'R', 'sa']",C,v,/,R,sa,,,,,,,,,,,,,,,
724,"['R', 's', '/', 'C', 'v']",R,s,/,C,v,,,,,,,,,,,,,,,
725,"['C', 'v', '=', 'M', 'v']",C,v,=,M,v,,,,,,,,,,,,,,,
726,"['C', 'v', '/', 'R', 'ak', '-', 'A']",C,v,/,R,ak,-,A,,,,,,,,,,,,,
727,"['M', 'b', '/', 'C', 'v']",M,b,/,C,v,,,,,,,,,,,,,,,
728,"['C', 'vb', '-', 'V']",C,vb,-,V,,,,,,,,,,,,,,,,
729,"['M', 'vb']",M,vb,,,,,,,,,,,,,,,,,,
730,"['L', 'p', '/', 'C', 'c']",L,p,/,C,c,,,,,,,,,,,,,,,
731,"['C', 'v', '/', 'M', 'v']",C,v,/,M,v,,,,,,,,,,,,,,,
732,"['C', 'v', '=', 'M', 'v']",C,v,=,M,v,,,,,,,,,,,,,,,
733,"['L', 'p']",L,p,,,,,,,,,,,,,,,,,,
734,"['F', 'p']",F,p,,,,,,,,,,,,,,,,,,
735,"['/', 'M', 'w', '/', 'L', 'p', '/', 'R', 'h']",/,M,w,/,L,p,/,R,h,,,,,,,,,,,
736,"['C', 'vb']",C,vb,,,,,,,,,,,,,,,,,,
737,"['C', 'v', '=', 'M', 'v']",C,v,=,M,v,,,,,,,,,,,,,,,
738,"['M', 'vb', '/', 'C', 'v', '-', 'VF']",M,vb,/,C,v,-,VF,,,,,,,,,,,,,
739,"['a', 'C', 'ck', '-', 'A']",a,C,ck,-,A,,,,,,,,,,,,,,,
740,"['R', 's']",R,s,,,,,,,,,,,,,,,,,,
741,"['C', 'v', '/', 'M', 'v']",C,v,/,M,v,,,,,,,,,,,,,,,
742,"['F', 'p']",F,p,,,,,,,,,,,,,,,,,,
743,"['C', 'v', '=', 'M', 'v']",C,v,=,M,v,,,,,,,,,,,,,,,
744,"['R', 's', '-', 'V']",R,s,-,V,,,,,,,,,,,,,,,,
745,"['R', 's']",R,s,,,,,,,,,,,,,,,,,,
746,"['a', 'C', 'cw', '/', 'R', 'h']",a,C,cw,/,R,h,,,,,,,,,,,,,,
747,"['C', 'v']",C,v,,,,,,,,,,,,,,,,,,
748,"['a', 'C', 'ck', '/', 'R', 's', '-', 'AR', 'b', 'A']",a,C,ck,/,R,s,-,AR,b,,A,,,,,,,,,
749,"['/', 'C', 'w', '/', 'R', 'hk']",/,C,w,/,R,hk,,,,,,,,,,,,,,
750,"['R', 's']",R,s,,,,,,,,,,,,,,,,,,
751,"['C', 'v', '/', 'R', 's', '-', 'AR']",C,v,/,R,s,-,AR,,,,,,,,,,,,,
752,"['a', 'C', 'ck', '-', 'A']",a,C,ck,-,A,,,,,,,,,,,,,,,
753,"['C', 'h']",C,h,,,,,,,,,,,,,,,,,,
754,"['M', 'vb', '/', 'C', 'v']",M,vb,/,C,v,,,,,,,,,,,,,,,
755,"['C', 'v', '/', 'M', 'v']",C,v,/,M,v,,,,,,,,,,,,,,,
756,"['C', 'v', '=', 'M', 'vb', '-', 'V']",C,v,=,M,vb,-,V,,,,,,,,,,,,,
757,"['M', 'vb', '/', 'C', 'v']",M,vb,/,C,v,,,,,,,,,,,,,,,
758,"['M', 'bv', '/', 'C', 'v', '-', 'V']",M,bv,/,C,v,-,V,,,,,,,,,,,,,
759,"['C', 'v', '=', 'M', 'v', '/', 'R', 's', '-', 'V']",C,v,=,M,v,/,R,s,-,,V,,,,,,,,,
760,"['C', 'a']",C,a,,,,,,,,,,,,,,,,,,
761,"['C', 'af']",C,af,,,,,,,,,,,,,,,,,,
762,"['C', 'v', '/', 'R', 's', '-', 'V']",C,v,/,R,s,-,V,,,,,,,,,,,,,
763,"['C', 'v', '/', 'R', 's']",C,v,/,R,s,,,,,,,,,,,,,,,
764,"['C', 'w', '/', 'R', 'au']",C,w,/,R,au,,,,,,,,,,,,,,,
765,"['R', 's']",R,s,,,,,,,,,,,,,,,,,,
766,"['C', 'ck', '/', 'R', 's', '-', 'AR', 'b', 'A']",C,ck,/,R,s,-,AR,b,A,,,,,,,,,,,
767,"['C', 'v', '=', 'R', 's', '-', 'A']",C,v,=,R,s,-,A,,,,,,,,,,,,,
768,"['C', 'v']",C,v,,,,,,,,,,,,,,,,,,
769,"['/', 'C', 'w', '/', 'R', 'hs']",/,C,w,/,R,hs,,,,,,,,,,,,,,
770,"['C', 'v', '/', 'R', 'as']",C,v,/,R,as,,,,,,,,,,,,,,,
771,"['C', 'v', '=', 'M', 'v', '/', 'R', 's']",C,v,=,M,v,/,R,s,,,,,,,,,,,,
772,"['C', 'v', '/', 'M', 'v', '/', 'R', 's', '-', 'VR', 'ds']",C,v,/,M,v,/,R,s,-,,VR,ds,,,,,,,,
773,"['/', 'M', 'w', '/', 'R', 'sh']",/,M,w,/,R,sh,,,,,,,,,,,,,,
774,"['R', 's', '/', 'C', 'v', '-', 'AR']",R,s,/,C,v,-,AR,,,,,,,,,,,,,
775,"['r', 'C', 'vc', '/', 'R', 's', '-', 'VAR']",r,C,vc,/,R,s,-,VAR,,,,,,,,,,,,
776,"['/', 'M', 'w', '/', 'R', 'h']",/,M,w,/,R,h,,,,,,,,,,,,,,
777,"['R', 's', '=', 'C', 'v']",R,s,=,C,v,,,,,,,,,,,,,,,
778,"['U', 'a', '-', 'FV']",U,a,-,FV,,,,,,,,,,,,,,,,
779,"['C', 'vb']",C,vb,,,,,,,,,,,,,,,,,,
780,"['C', 'v', '=', 'M', 'v', '-', 'V']",C,v,=,M,v,-,V,,,,,,,,,,,,,
781,"['M', 'v', '=', 'C', 'v']",M,v,=,C,v,,,,,,,,,,,,,,,
782,"['R', 's', '=', 'C', 'v']",R,s,=,C,v,,,,,,,,,,,,,,,
783,"['C', 'v', '=', 'M', 'v', '/', 'R', 's']",C,v,=,M,v,/,R,s,,,,,,,,,,,,
784,"['C', 'v', '/', 'R', 's']",C,v,/,R,s,,,,,,,,,,,,,,,
785,"['C', 'v', '/', 'R', 's', '-', 'V']",C,v,/,R,s,-,V,,,,,,,,,,,,,
786,"['C', 'v', '/', 'R', 's']",C,v,/,R,s,,,,,,,,,,,,,,,
787,"['C', 'v', '/', 'R', 's']",C,v,/,R,s,,,,,,,,,,,,,,,
788,"['C', 'v', '=', 'M', 'v']",C,v,=,M,v,,,,,,,,,,,,,,,
789,"['C', 'v', '=', 'R', 's', '-', 'A']",C,v,=,R,s,-,A,,,,,,,,,,,,,
790,"['C', 'v', '/', 'R', 's']",C,v,/,R,s,,,,,,,,,,,,,,,
791,"['M', 'v', '=', 'C', 'v']",M,v,=,C,v,,,,,,,,,,,,,,,
792,"['M', 'v', '=', 'C', 'v']",M,v,=,C,v,,,,,,,,,,,,,,,
793,"['C', 'v', '/', 'R', 's']",C,v,/,R,s,,,,,,,,,,,,,,,
794,"['R', 's', '/', 'C', 'v']",R,s,/,C,v,,,,,,,,,,,,,,,
795,"['C', 'v', '/', 'R', 'kh']",C,v,/,R,kh,,,,,,,,,,,,,,,
796,"['M', 'vb', '/', 'C', 'v']",M,vb,/,C,v,,,,,,,,,,,,,,,
797,"['C', 'c', '-', 'A']",C,c,-,A,,,,,,,,,,,,,,,,
798,"['a', 'C', 'cca', '-', 'A']",a,C,cca,-,A,,,,,,,,,,,,,,,
799,"['M', 'vb', '/', 'C', 'v']",M,vb,/,C,v,,,,,,,,,,,,,,,
800,"['C', 'v', '/', 'R', 'a']",C,v,/,R,a,,,,,,,,,,,,,,,
801,"['R', 's']",R,s,,,,,,,,,,,,,,,,,,
802,"['C', 'v', '/', 'R', 's']",C,v,/,R,s,,,,,,,,,,,,,,,
803,"['M', 'v', '/', 'C', 'v', '/', 'R', 's']",M,v,/,C,v,/,R,s,,,,,,,,,,,,
804,"['C', 'v', '=', 'R', 's', '-', 'V']",C,v,=,R,s,-,V,,,,,,,,,,,,,
805,"['M', 'vb', '/', 'C', 'v']",M,vb,/,C,v,,,,,,,,,,,,,,,
806,"['R', 'sr', '/', 'a', 'C', 'v', '-', 'AR']",R,sr,/,a,C,v,-,AR,,,,,,,,,,,,
807,"['M', 'v', '/', 'r', 'C', 'v']",M,v,/,r,C,v,,,,,,,,,,,,,,
808,"['C', 'vc', '/', 'R', 's', '-', 'AR']",C,vc,/,R,s,-,AR,,,,,,,,,,,,,
809,"['R', 's', '/', 'C', 'v']",R,s,/,C,v,,,,,,,,,,,,,,,
810,"['C', 'v', '/', 'R']",C,v,/,R,,,,,,,,,,,,,,,,
811,"['R', 's', '=', 'C', 'av', '-', 'NA']",R,s,=,C,av,-,NA,,,,,,,,,,,,,
812,"['M', 'b', '/', 'R', 'k']",M,b,/,R,k,,,,,,,,,,,,,,,
813,"['M', 'v', '/', 'C', 'v']",M,v,/,C,v,,,,,,,,,,,,,,,
814,"['C', 'cf', '-', 'A']",C,cf,-,A,,,,,,,,,,,,,,,,
815,"['L', 'p']",L,p,,,,,,,,,,,,,,,,,,
816,"['C', 'av', '/', 'R', 's', '-', 'A']",C,av,/,R,s,-,A,,,,,,,,,,,,,
817,"['C', 'f', '-', 'A']",C,f,-,A,,,,,,,,,,,,,,,,
818,"['M', 'vb', '/', 'R', 'h']",M,vb,/,R,h,,,,,,,,,,,,,,,
819,"['g', 'FG', 't']",g,FG,t,,,,,,,,,,,,,,,,,
820,"['M', 'w', '/', 'R', 'a']",M,w,/,R,a,,,,,,,,,,,,,,,
821,"['U', 's', '/', 'VR']",U,s,/,VR,,,,,,,,,,,,,,,,
822,"['$s', 'F', 'v', '-', 'g', 'F', 'p']",$s,F,v,-,g,F,p,,,,,,,,,,,,,
823,"['b', 'F', 'f']",b,F,f,,,,,,,,,,,,,,,,,
824,"['sg', 'FG', 'u', '-', '$s', 'M']",sg,FG,u,-,$s,M,,,,,,,,,,,,,,
825,"['M', 'w', '=', 'C', 'w', '/', 'R']",M,w,=,C,w,/,R,,,,,,,,,,,,,
826,"['sg', 'FG', 's', '/', 'M', 's', '/', '$LLG', 's', '-', 'R', 'd']",sg,FG,s,/,M,s,/,$LLG,s,,-,R,d,,,,,,,
827,"['M', 'w', '/', 'R', 'h']",M,w,/,R,h,,,,,,,,,,,,,,,
828,"['M', 'ur']",M,ur,,,,,,,,,,,,,,,,,,
829,"['M', 'w', '/', 'R', 'h']",M,w,/,R,h,,,,,,,,,,,,,,,
830,"['sg', 'F', 't']",sg,F,t,,,,,,,,,,,,,,,,,
831,"['FA', 'p', '/', 'F', 't']",FA,p,/,F,t,,,,,,,,,,,,,,,
832,"['R', 's', '/', 'C', 'v', '-', 'V']",R,s,/,C,v,-,V,,,,,,,,,,,,,
833,"['C', 'v', '=', 'M', 'v']",C,v,=,M,v,,,,,,,,,,,,,,,
834,"['R', 's', '/', 'C', 'v']",R,s,/,C,v,,,,,,,,,,,,,,,
835,"['C', 'v', '/', 'R', 's', '-', 'R']",C,v,/,R,s,-,R,,,,,,,,,,,,,
836,"['C', 'v', '/', 'R', 'k']",C,v,/,R,k,,,,,,,,,,,,,,,
837,"['M', 'bv', '/', 'r', 'C', 'v']",M,bv,/,r,C,v,,,,,,,,,,,,,,
838,"['R', 's', '=', 'a', 'C', 'v', '-', 'R', 'b', 'A']",R,s,=,a,C,v,-,R,b,,A,,,,,,,,,
839,"['C', 'v', '=', 'M', 'v', '/', 'R', 's']",C,v,=,M,v,/,R,s,,,,,,,,,,,,
840,"['M', 'bv']",M,bv,,,,,,,,,,,,,,,,,,
841,"['C', 'v', '/', 'R', 's']",C,v,/,R,s,,,,,,,,,,,,,,,
842,"['M', 'bv']",M,bv,,,,,,,,,,,,,,,,,,
843,"['M', 'v', '=', 'C', 'v', '/', 'R', 's', '-', 'V']",M,v,=,C,v,/,R,s,-,,V,,,,,,,,,
844,"['M', 'v', '/', 'C', 'v']",M,v,/,C,v,,,,,,,,,,,,,,,
845,"['M', 'bv', '/', 'C', 'v']",M,bv,/,C,v,,,,,,,,,,,,,,,
846,"['a', 'C', 's', '-', 'R', 'b', 'A']",a,C,s,-,R,b,A,,,,,,,,,,,,,
847,"['M', 'v', '/', 'C', 'v']",M,v,/,C,v,,,,,,,,,,,,,,,
848,"['C', 'v', '-', 'V']",C,v,-,V,,,,,,,,,,,,,,,,
849,"['a', 'C', 'h']",a,C,h,,,,,,,,,,,,,,,,,
850,"['M', 'b', '-', 'V']",M,b,-,V,,,,,,,,,,,,,,,,
851,"['M', 'bv']",M,bv,,,,,,,,,,,,,,,,,,
852,"['g', 'F', 'pt']",g,F,pt,,,,,,,,,,,,,,,,,
853,"['M', 'bv', '-', 'V']",M,bv,-,V,,,,,,,,,,,,,,,,
854,"['FG', 'f']",FG,f,,,,,,,,,,,,,,,,,,
855,"['C', 'f']",C,f,,,,,,,,,,,,,,,,,,
856,"['M', 'bv', '/', 'C', 'v', '-', 'V']",M,bv,/,C,v,-,V,,,,,,,,,,,,,
857,"['C', 'af']",C,af,,,,,,,,,,,,,,,,,,
858,"['C', 'v', '/', 'R', 's', '-', 'AR']",C,v,/,R,s,-,AR,,,,,,,,,,,,,
859,"['C', 'v', '/', 'R', 's']",C,v,/,R,s,,,,,,,,,,,,,,,
860,"['C', 'v', '=', 'R', 's', '-', 'VA']",C,v,=,R,s,-,VA,,,,,,,,,,,,,
861,"['C', 'v', '=', 'M', 'v']",C,v,=,M,v,,,,,,,,,,,,,,,
862,"['R', 's', '-', 'RAV']",R,s,-,RAV,,,,,,,,,,,,,,,,
863,"['R', 's', '-', 'A']",R,s,-,A,,,,,,,,,,,,,,,,
864,"['R', 'hs', '/', 'a', 'C', 'v']",R,hs,/,a,C,v,,,,,,,,,,,,,,
865,"['C', 'v', '/', 'R', 's', '/', 'M', 'v']",C,v,/,R,s,/,M,v,,,,,,,,,,,,
866,"['R', 'hs', '/', 'r', 'C', 'v', '-', 'A']",R,hs,/,r,C,v,-,A,,,,,,,,,,,,
867,"['M', 'b', '-', 'V']",M,b,-,V,,,,,,,,,,,,,,,,
868,"['C', 'v', '/', 'R', 's', '-', 'AR']",C,v,/,R,s,-,AR,,,,,,,,,,,,,
869,"['C', 'v', '/', 'R', 's']",C,v,/,R,s,,,,,,,,,,,,,,,
870,"['C', 'v', '/', 'M', 'bv', '-', 'V']",C,v,/,M,bv,-,V,,,,,,,,,,,,,
871,"['F', 'f']",F,f,,,,,,,,,,,,,,,,,,
872,"['C', 'v', '/', 'R', 's', '-', 'A']",C,v,/,R,s,-,A,,,,,,,,,,,,,
873,"['M', 'bv', '/', 'C', 'v', '-', 'V']",M,bv,/,C,v,-,V,,,,,,,,,,,,,
874,"['ar', 'C', 'ac', '-', 'A']",ar,C,ac,-,A,,,,,,,,,,,,,,,
875,"['a', 'C', 'c', '-', 'R', 'b', 'A', 's']",a,C,c,-,R,b,A,s,,,,,,,,,,,,
876,['NTA'],NTA,,,,,,,,,,,,,,,,,,,
877,"['C', 'v', '/', 'R', 's']",C,v,/,R,s,,,,,,,,,,,,,,,
878,"['R', 's', '-', 'A']",R,s,-,A,,,,,,,,,,,,,,,,
879,"['C', 'v', '=', 'R', 's', '-', 'A']",C,v,=,R,s,-,A,,,,,,,,,,,,,
880,"['R', 's', '/', 'C', 'v', '-', 'ARV']",R,s,/,C,v,-,ARV,,,,,,,,,,,,,
881,"['R', 's', '/', 'C', 'v', '-', 'A']",R,s,/,C,v,-,A,,,,,,,,,,,,,
882,"['R', 's']",R,s,,,,,,,,,,,,,,,,,,
883,"['ar', 'C', 'v']",ar,C,v,,,,,,,,,,,,,,,,,
884,"['C', 'ca']",C,ca,,,,,,,,,,,,,,,,,,
885,"['C', 'a', '-', 'R', 'b', 'A']",C,a,-,R,b,A,,,,,,,,,,,,,,
886,"['R', 'hk', '/', 'a', 'C', 'v']",R,hk,/,a,C,v,,,,,,,,,,,,,,
887,"['C', 'kc', '-', 'A']",C,kc,-,A,,,,,,,,,,,,,,,,
888,"['R', 's', '-', 'AV']",R,s,-,AV,,,,,,,,,,,,,,,,
889,"['R', 's']",R,s,,,,,,,,,,,,,,,,,,
890,"['R', 's', '/', 'C', 'v']",R,s,/,C,v,,,,,,,,,,,,,,,
891,"['R', 's', '/', 'C', 'v', '-', 'AVR']",R,s,/,C,v,-,AVR,,,,,,,,,,,,,
892,"['R', 'kh', '/', 'a', 'C', 'v', '-', 'N']",R,kh,/,a,C,v,-,N,,,,,,,,,,,,
893,"['a', 'C', 'kc', '-', 'AR', 'b', 'A']",a,C,kc,-,AR,b,A,,,,,,,,,,,,,
894,"['ar', 'C', 'ak', '-', 'ARA', 'sb']",ar,C,ak,-,ARA,sb,,,,,,,,,,,,,,
895,"['r', 'C', 'v', '=', 'R', 's', '-', 'A']",r,C,v,=,R,s,-,A,,,,,,,,,,,,
896,"['ar', 'C', 'ac', '-', 'A']",ar,C,ac,-,A,,,,,,,,,,,,,,,
897,"['R', 'ha', '/', 'C', 'v']",R,ha,/,C,v,,,,,,,,,,,,,,,
898,"['ar', 'C', 'vk', '/', 'R', 's', '-', 'VAR', 'b', 'A', 's']",ar,C,vk,/,R,s,-,VAR,b,,A,s,,,,,,,,
899,"['sg', 'F', 'pt']",sg,F,pt,,,,,,,,,,,,,,,,,
900,"['C', 'v', '/', 'R', 's', '-', 'V']",C,v,/,R,s,-,V,,,,,,,,,,,,,
901,"['C', 'f']",C,f,,,,,,,,,,,,,,,,,,
902,"['a', 'C', 'ac', '-', 'AR']",a,C,ac,-,AR,,,,,,,,,,,,,,,
903,"['C', 'v', '=', 'R', 's', '-', 'A']",C,v,=,R,s,-,A,,,,,,,,,,,,,
904,"['R', 's', '-', 'A']",R,s,-,A,,,,,,,,,,,,,,,,
905,"['/', 'C', 'w', '/', 'R', 'hs']",/,C,w,/,R,hs,,,,,,,,,,,,,,
906,"['R', 'k', '/', 'a', 'C', 'v']",R,k,/,a,C,v,,,,,,,,,,,,,,
907,"['M', 'v', '/', 'R', 's']",M,v,/,R,s,,,,,,,,,,,,,,,
908,"['C', 'v', '=', 'R', 's', '-', 'VA']",C,v,=,R,s,-,VA,,,,,,,,,,,,,
909,"['R', 's']",R,s,,,,,,,,,,,,,,,,,,
910,"['M', 'bv', '=', 'C', 'v', '/', 'R', 's']",M,bv,=,C,v,/,R,s,,,,,,,,,,,,
911,"['a', 'C', 'ca', '-', 'R', 'b', 'A']",a,C,ca,-,R,b,A,,,,,,,,,,,,,
912,"['C', 'v', '/', 'R', 'a']",C,v,/,R,a,,,,,,,,,,,,,,,
913,"['R', 's']",R,s,,,,,,,,,,,,,,,,,,
914,"['C', 'vb', '/', 'R', 's', '-', 'A']",C,vb,/,R,s,-,A,,,,,,,,,,,,,
915,"['a', 'C', 'a', '-', 'R', 'b', 'A']",a,C,a,-,R,b,A,,,,,,,,,,,,,
916,"['F', 'p']",F,p,,,,,,,,,,,,,,,,,,
917,"['a', 'C', 'ac', '-', 'AR', 'b', 'A']",a,C,ac,-,AR,b,A,,,,,,,,,,,,,
918,"['C', 'v', '=', 'M', 'v']",C,v,=,M,v,,,,,,,,,,,,,,,
919,"['a', 'C', 'v', '-', 'AR', 'b', 'A']",a,C,v,-,AR,b,A,,,,,,,,,,,,,
920,"['F', 'j']",F,j,,,,,,,,,,,,,,,,,,
921,"['a', 'C', 'v', '/', 'R', 's', '-', 'R', 'b', 'A']",a,C,v,/,R,s,-,R,b,,A,,,,,,,,,
922,"['C', 'v', '=', 'M', 'v']",C,v,=,M,v,,,,,,,,,,,,,,,
923,"['F', 'p']",F,p,,,,,,,,,,,,,,,,,,
924,"['M', 'vb', '/', 'C', 'vb', '-', 'A']",M,vb,/,C,vb,-,A,,,,,,,,,,,,,
925,"['M', 'b']",M,b,,,,,,,,,,,,,,,,,,
926,"['C', 'v', '/', 'M', 'v']",C,v,/,M,v,,,,,,,,,,,,,,,
927,"['ar', 'C', 'vk', '-', 'VAR', 'b', 'A', 's']",ar,C,vk,-,VAR,b,A,s,,,,,,,,,,,,
928,"['R', 's', '=', 'ar', 'C', 'v', '-', 'VAR', 'b', 'A', 's']",R,s,=,ar,C,v,-,VAR,b,,A,s,,,,,,,,
929,"['s', 'C', 'f']",s,C,f,,,,,,,,,,,,,,,,,
930,"['C', 'vb', '-', 'R', 'b', 'A', 's']",C,vb,-,R,b,A,s,,,,,,,,,,,,,
931,"['C', 'kf', '-', 'AR', 'b', 'A']",C,kf,-,AR,b,A,,,,,,,,,,,,,,
932,"['M', 'w', '=', 'C', 'v']",M,w,=,C,v,,,,,,,,,,,,,,,
933,"['M', 'bv']",M,bv,,,,,,,,,,,,,,,,,,
934,"['R', 'ar', '/', 'C', 'v']",R,ar,/,C,v,,,,,,,,,,,,,,,
935,"['C', 'va', '/', 'R', 's', '-', 'A']",C,va,/,R,s,-,A,,,,,,,,,,,,,
936,"['R', 'kh', '=', 'C', 'v', '-', 'A']",R,kh,=,C,v,-,A,,,,,,,,,,,,,
937,"['/', 'C', 'v', '=', 'M', 'v', '/', 'R', 'sk']",/,C,v,=,M,v,/,R,sk,,,,,,,,,,,
938,"['C', 'v', '=', 'M', 'v']",C,v,=,M,v,,,,,,,,,,,,,,,
939,"['a', 'C', 'ak', '-', 'R', 'b', 'A']",a,C,ak,-,R,b,A,,,,,,,,,,,,,
940,"['L', 'p']",L,p,,,,,,,,,,,,,,,,,,
941,"['a', 'C', 'av', '/', 'R', 'h', '-', 'A']",a,C,av,/,R,h,-,A,,,,,,,,,,,,
942,"['a', 'C', 'k']",a,C,k,,,,,,,,,,,,,,,,,
943,"['F', 'p']",F,p,,,,,,,,,,,,,,,,,,
944,"['R', 's', '-', 'A']",R,s,-,A,,,,,,,,,,,,,,,,
945,"['R', 's', '/', 'C', 'v', '-', 'AR']",R,s,/,C,v,-,AR,,,,,,,,,,,,,
946,"['a', 'C', 'kc', '-', 'AR', 'b', 'A']",a,C,kc,-,AR,b,A,,,,,,,,,,,,,
947,"['C', 'v', '=', 'M', 'v']",C,v,=,M,v,,,,,,,,,,,,,,,
948,"['R', 's', '-', 'AR']",R,s,-,AR,,,,,,,,,,,,,,,,
949,"['R', 'hk', '=', 'a', 'C', 'a', '-', 'N']",R,hk,=,a,C,a,-,N,,,,,,,,,,,,
950,"['R', 'sk', '=', 'a', 'C', 'a', '-', 'N']",R,sk,=,a,C,a,-,N,,,,,,,,,,,,
951,"['R', 'sh']",R,sh,,,,,,,,,,,,,,,,,,
952,"['R', 's', '-', 'A']",R,s,-,A,,,,,,,,,,,,,,,,
953,"['R', 'sh', '/', 'ar', 'C', 'v', '-', 'A']",R,sh,/,ar,C,v,-,A,,,,,,,,,,,,
954,"['a', 'C', 'a']",a,C,a,,,,,,,,,,,,,,,,,
955,"['r', 'C', 'v', '/', 'R', 'hs']",r,C,v,/,R,hs,,,,,,,,,,,,,,
956,"['ar', 'C', 'v', '=', 'M', 'v', '-', 'RAV']",ar,C,v,=,M,v,-,RAV,,,,,,,,,,,,
957,"['C', 'v', '/', 'R', 's']",C,v,/,R,s,,,,,,,,,,,,,,,
958,"['ar', 'C', 'v', '-', 'AVR']",ar,C,v,-,AVR,,,,,,,,,,,,,,,
959,"['s', 'M', 'a', '/', 'C', 'v']",s,M,a,/,C,v,,,,,,,,,,,,,,
960,"['M', 'vb']",M,vb,,,,,,,,,,,,,,,,,,
961,"['R', 's', '-', 'AR']",R,s,-,AR,,,,,,,,,,,,,,,,
962,"['R', 's', '-', 'AR']",R,s,-,AR,,,,,,,,,,,,,,,,
963,"['C', 'v', '=', 'M', 'v', '-', 'R']",C,v,=,M,v,-,R,,,,,,,,,,,,,
964,"['M', 'v', '/', 'C', 'v']",M,v,/,C,v,,,,,,,,,,,,,,,
965,"['a', 'C', 'k', '-', 'R', 'b', 'A']",a,C,k,-,R,b,A,,,,,,,,,,,,,
966,"['M', 's', '/', 'C', 'v', '-', 'V']",M,s,/,C,v,-,V,,,,,,,,,,,,,
967,"['M', 'bv']",M,bv,,,,,,,,,,,,,,,,,,
968,"['M', 'bv', '/', 'C', 'v']",M,bv,/,C,v,,,,,,,,,,,,,,,
969,"['C', 'v', '=', 'R', 's', '-', 'VA']",C,v,=,R,s,-,VA,,,,,,,,,,,,,
970,"['C', 'v', '/', 'R', 's', '-', 'AR']",C,v,/,R,s,-,AR,,,,,,,,,,,,,
971,"['C', 'v', '=', 'M', 'v']",C,v,=,M,v,,,,,,,,,,,,,,,
972,"['M', 'bv', '/', 'C', 'v']",M,bv,/,C,v,,,,,,,,,,,,,,,
973,"['r', 'C', 'v', '=', 'M', 'v', '/', 'R', 's']",r,C,v,=,M,v,/,R,s,,,,,,,,,,,
974,"['s', 'M', 'b']",s,M,b,,,,,,,,,,,,,,,,,
975,"['C', 'v', '/', 'R', 's', '-', 'VAR']",C,v,/,R,s,-,VAR,,,,,,,,,,,,,
976,"['r', 'C', 'v', '/', 'R', 's', '-', 'A']",r,C,v,/,R,s,-,A,,,,,,,,,,,,
977,"['r', 'C', 'v', '/', 'R', 's']",r,C,v,/,R,s,,,,,,,,,,,,,,
978,"['R', 's', '=', 'C', 'v', '-', 'A']",R,s,=,C,v,-,A,,,,,,,,,,,,,
979,"['C', 'v', '=', 'R', 's', '-', 'A']",C,v,=,R,s,-,A,,,,,,,,,,,,,
980,"['R', 's', '=', 'r', 'C', 'v', '/', 'M', 's', '/', 'R', 's']",R,s,=,r,C,v,/,M,s,,/,R,s,,,,,,,
981,"['M', 'bv', '/', 'C', 'v']",M,bv,/,C,v,,,,,,,,,,,,,,,
982,"['C', 'v', '/', 's', 'M', 'v', '-', 'A']",C,v,/,s,M,v,-,A,,,,,,,,,,,,
983,"['s', 'M', 'v', '/', 'r', 'C', 'v']",s,M,v,/,r,C,v,,,,,,,,,,,,,
984,"['r', 'C', 'v', '-', 'A']",r,C,v,-,A,,,,,,,,,,,,,,,
985,"['M', 'v', '/', 'C', 'bv']",M,v,/,C,bv,,,,,,,,,,,,,,,
986,"['F', 'c', 'A', '/', 'C', 'bv', '-', 'A']",F,c,A,/,C,bv,-,A,,,,,,,,,,,,
987,"['C', 'v', '/', 'R', 's', '-', 'AR']",C,v,/,R,s,-,AR,,,,,,,,,,,,,
988,"['a', 'C', 'a', '-', 'AR', 'b', 'A']",a,C,a,-,AR,b,A,,,,,,,,,,,,,
989,"['R', 's', '/', 'C', 'v', '-', 'AVR']",R,s,/,C,v,-,AVR,,,,,,,,,,,,,
990,"['R', 's', '-', 'AR']",R,s,-,AR,,,,,,,,,,,,,,,,
991,"['R', 'h', '/', 'r', 'C', 'v', '-', 'A']",R,h,/,r,C,v,-,A,,,,,,,,,,,,
992,"['R', 'sh', '/', 'a', 'C', 'a', '-', 'AR']",R,sh,/,a,C,a,-,AR,,,,,,,,,,,,
993,"['a', 'C', 'a', '-', 'AR']",a,C,a,-,AR,,,,,,,,,,,,,,,
994,"['R', 's']",R,s,,,,,,,,,,,,,,,,,,
995,"['/', 'M', 'w', '=', 'C', 'w', '/', 'R', 'h']",/,M,w,=,C,w,/,R,h,,,,,,,,,,,
996,"['C', 'f']",C,f,,,,,,,,,,,,,,,,,,
997,['NTA'],NTA,,,,,,,,,,,,,,,,,,,
998,"['/', 'C', 'w', '/', 'R', 'h']",/,C,w,/,R,h,,,,,,,,,,,,,,
999,"['C', '=', 'M', 'v', 'R', 's']",C,=,M,v,R,s,,,,,,,,,,,,,,
1000,"['a', 'C', 'a', '-', 'AR', 'b']",a,C,a,-,AR,b,,,,,,,,,,,,,,
1001,['NTA'],NTA,,,,,,,,,,,,,,,,,,,
1002,"['M', 'v', '/', 'C', 'v']",M,v,/,C,v,,,,,,,,,,,,,,,
1003,"['M', 'v', '/', 'C', 'v']",M,v,/,C,v,,,,,,,,,,,,,,,
1004,"['R', 's', '-', 'A']",R,s,-,A,,,,,,,,,,,,,,,,
1005,"['R', 's', '-', 'AR']",R,s,-,AR,,,,,,,,,,,,,,,,
1006,"['R', 'h', '/', 'a', 'C', 'v']",R,h,/,a,C,v,,,,,,,,,,,,,,
1007,['NTA'],NTA,,,,,,,,,,,,,,,,,,,
1008,"['a', 'C', 'a']",a,C,a,,,,,,,,,,,,,,,,,
1009,"['ar', 'C', 'av', '/', 'R', 's', '-', 'A']",ar,C,av,/,R,s,-,A,,,,,,,,,,,,
1010,"['R', 's', '/', 'C', 'v', '-', 'AR']",R,s,/,C,v,-,AR,,,,,,,,,,,,,
1011,"['R', 's', '/', 'C', 'v', '-', 'R']",R,s,/,C,v,-,R,,,,,,,,,,,,,
1012,"['a', 'C', 'a', '-', 'AR']",a,C,a,-,AR,,,,,,,,,,,,,,,
1013,"['R', 's', '/', 'a', 'C', 'v', 'R', '-', 'A']",R,s,/,a,C,v,R,-,A,,,,,,,,,,,
1014,"['R', 's', '-', 'AR']",R,s,-,AR,,,,,,,,,,,,,,,,
1015,"['C', 'v', '/', 'R', 'h', '-', 'AR']",C,v,/,R,h,-,AR,,,,,,,,,,,,,
1016,"['a', 'C', 'a', '/', 'R', 'a', '-', 'AR']",a,C,a,/,R,a,-,AR,,,,,,,,,,,,
1017,"['R', 's', '/', 'r', 'C', 'v', '-', 'VA']",R,s,/,r,C,v,-,VA,,,,,,,,,,,,
1018,"['a', 'C', 'k', '/', 'R', 'h', 'AR', 'b', '-', 'A']",a,C,k,/,R,h,AR,b,-,,A,,,,,,,,,
1019,"['R', 's', '-', 'A']",R,s,-,A,,,,,,,,,,,,,,,,
1020,"['R', 's', '/', 'r', 'C', 'v', '-', 'AV']",R,s,/,r,C,v,-,AV,,,,,,,,,,,,
1021,"['R', 's', '-', 'AR']",R,s,-,AR,,,,,,,,,,,,,,,,
1022,"['a', 'C', 'a', '-', 'AR']",a,C,a,-,AR,,,,,,,,,,,,,,,
1023,"['r', 'C', 'v', '/', 'M', 'v']",r,C,v,/,M,v,,,,,,,,,,,,,,
1024,"['R', 's', '/', 'ar', 'C', 'a', '-', 'AV']",R,s,/,ar,C,a,-,AV,,,,,,,,,,,,
1025,"['R', 's', '-', 'R']",R,s,-,R,,,,,,,,,,,,,,,,
1026,"['R', 's', '-', 'AVR']",R,s,-,AVR,,,,,,,,,,,,,,,,
1027,"['a', 'C', 'ck', '-', 'AR', 'b', 'A', 'd']",a,C,ck,-,AR,b,A,d,,,,,,,,,,,,
1028,"['ar', 'C', 'v', '/', 's', 'M', 'v', '/', 'R', 's', '-', 'AVR']",ar,C,v,/,s,M,v,/,R,,s,-,AVR,,,,,,,
1029,"['ar', 'C', 'a', '/', 'b', 'M', 'a']",ar,C,a,/,b,M,a,,,,,,,,,,,,,
1030,"['b', 'M', 'j', '/', 'a', 'C', 'c', '-', 'A']",b,M,j,/,a,C,c,-,A,,,,,,,,,,,
1031,"['bs', 'M', 'bv', '/', 'ar', 'C', 'v']",bs,M,bv,/,ar,C,v,,,,,,,,,,,,,
1032,"['R', 's', '/', 'a', 'C', 'v', '-', 'AR']",R,s,/,a,C,v,-,AR,,,,,,,,,,,,
1033,"['M', 'bv', '/', 'r', 'C', 'bv']",M,bv,/,r,C,bv,,,,,,,,,,,,,,
1034,"['R', 's', '-', 'AR']",R,s,-,AR,,,,,,,,,,,,,,,,
1035,"['b', 'F', 'jh']",b,F,jh,,,,,,,,,,,,,,,,,
1036,"['r', 'C', 'v', '/', 'R', 's', '/', 'M', 'v']",r,C,v,/,R,s,/,M,v,,,,,,,,,,,
1037,"['s', 'M', 'bv', '/', 'C', 'bv']",s,M,bv,/,C,bv,,,,,,,,,,,,,,
1038,"['a', 'C', 'a', '-', 'AR']",a,C,a,-,AR,,,,,,,,,,,,,,,
1039,"['a', 'C', 'k', '-', 'AR', 'b', 'A']",a,C,k,-,AR,b,A,,,,,,,,,,,,,
1040,"['r', 'C', 'v', '/', 'R', 's', '-', 'A']",r,C,v,/,R,s,-,A,,,,,,,,,,,,
1041,"['R', 's', '/', 'r', 'C', 'v']",R,s,/,r,C,v,,,,,,,,,,,,,,
1042,"['s', 'M', 'v', '/', 'r', 'C', 'v', '/', 'R', 's']",s,M,v,/,r,C,v,/,R,,s,,,,,,,,,
1043,"['M', 'bv', '/', 'C', 'bv', '-', 'VR']",M,bv,/,C,bv,-,VR,,,,,,,,,,,,,
1044,"['a', 'C', 'a', '-', 'AR', 'b', 'A']",a,C,a,-,AR,b,A,,,,,,,,,,,,,
1045,"['r', 'C', 'v', '/', 'R', 'h']",r,C,v,/,R,h,,,,,,,,,,,,,,
1046,"['C', 'v', '/', 'R', 's', '-', 'AR']",C,v,/,R,s,-,AR,,,,,,,,,,,,,
1047,"['ar', 'C', 'v', '/', 'R', 'hs']",ar,C,v,/,R,hs,,,,,,,,,,,,,,
1048,"['C', 'vb', '/', 'R', 's', 'R', '-', 'A', 'sb']",C,vb,/,R,s,R,-,A,sb,,,,,,,,,,,
1049,"['r', 'C', 'v', '/', 's', 'M', 'v', '/', 'R', 'hs']",r,C,v,/,s,M,v,/,R,,hs,,,,,,,,,
1050,"['C', 'af']",C,af,,,,,,,,,,,,,,,,,,
1051,"['M', 'bc', '/', 'C', 'bv', '-', 'VR']",M,bc,/,C,bv,-,VR,,,,,,,,,,,,,
1052,"['a', 'C', 'h', '/', 'b', 'F']",a,C,h,/,b,F,,,,,,,,,,,,,,
1053,"['ar', 'C', 'av', '/', 'R', 's', '-', 'AR']",ar,C,av,/,R,s,-,AR,,,,,,,,,,,,
1054,"['b', 'FG', 'fj']",b,FG,fj,,,,,,,,,,,,,,,,,
1055,"['a', 'C', 'c', '-', 'A']",a,C,c,-,A,,,,,,,,,,,,,,,
1056,"['C', 'v', '/', 'R', 's', '-', 'VA']",C,v,/,R,s,-,VA,,,,,,,,,,,,,
1057,"['a', 'C', 'hv', '/', 'R', 's', '-', 'A']",a,C,hv,/,R,s,-,A,,,,,,,,,,,,
1058,"['R', 's', '-', 'AVR']",R,s,-,AVR,,,,,,,,,,,,,,,,
1059,"['a', 'C', 'k', '-', 'AR']",a,C,k,-,AR,,,,,,,,,,,,,,,
1060,"['r', 'C', 'v', '/', 'M', 'v']",r,C,v,/,M,v,,,,,,,,,,,,,,
1061,"['a', 'C', 'ck', '-', 'A']",a,C,ck,-,A,,,,,,,,,,,,,,,
1062,"['b', 'F', 'ft', '-', 'B']",b,F,ft,-,B,,,,,,,,,,,,,,,
1063,"['M', 'bv', '/', 'C', 'v']",M,bv,/,C,v,,,,,,,,,,,,,,,
1064,"['ar', 'C', 'ck', '-', 'A']",ar,C,ck,-,A,,,,,,,,,,,,,,,
1065,"['R', 's', '/', 'C', 'v', '-', 'RV']",R,s,/,C,v,-,RV,,,,,,,,,,,,,
1066,"['R', 's', '-', 'A']",R,s,-,A,,,,,,,,,,,,,,,,
1067,"['R', 's', '-', 'AR']",R,s,-,AR,,,,,,,,,,,,,,,,
1068,"['C', 'c', '-', 'AR', 'b', 'A']",C,c,-,AR,b,A,,,,,,,,,,,,,,
1069,"['a', 'C', 'a', '-', 'AR']",a,C,a,-,AR,,,,,,,,,,,,,,,
1070,"['C', 'v', '/', 'R', 's', '-', 'A']",C,v,/,R,s,-,A,,,,,,,,,,,,,
1071,"['a', 'C', 'a', '/', 'a', 'M', 'a', '/', 'R', 'h', '-', 'A']",a,C,a,/,a,M,a,/,R,,h,-,A,,,,,,,
1072,"['a', 'C', 'k', '-', 'AR', 'b', 'A']",a,C,k,-,AR,b,A,,,,,,,,,,,,,
1073,"['a', 'C', 'c']",a,C,c,,,,,,,,,,,,,,,,,
1074,"['bs', 'F', 'p', '/', 'L', 'p']",bs,F,p,/,L,p,,,,,,,,,,,,,,
1075,"['b', 'M', 'a', '/', 'a', 'C', 'a']",b,M,a,/,a,C,a,,,,,,,,,,,,,
1076,"['a', 'C', 'ak', '-', 'AR']",a,C,ak,-,AR,,,,,,,,,,,,,,,
1077,"['R', 's', '/', 'C', 'v', '-', 'AVR']",R,s,/,C,v,-,AVR,,,,,,,,,,,,,
1078,"['r', 'C', 'v', '=', 'R', 's', '-', 'R']",r,C,v,=,R,s,-,R,,,,,,,,,,,,
1079,"['ar', 'C', 'a', '/', 'R', 'as', '-', 'R']",ar,C,a,/,R,as,-,R,,,,,,,,,,,,
1080,"['R', 's', '/', 'C', 'v', '-', 'R']",R,s,/,C,v,-,R,,,,,,,,,,,,,
1081,"['R', 's', '/', 'C', 'v', '-', 'R']",R,s,/,C,v,-,R,,,,,,,,,,,,,
1082,"['R', 's']",R,s,,,,,,,,,,,,,,,,,,
1083,"['a', 'C', 'ck', '-', 'AR', 'b', 'A']",a,C,ck,-,AR,b,A,,,,,,,,,,,,,
1084,"['a', 'C', 'a', '/', 'a', 'M', 'r', '/', 'R', 'r', '-', 'A']",a,C,a,/,a,M,r,/,R,,r,-,A,,,,,,,
1085,"['a', 'C', 'a', '-', 'R', 'b']",a,C,a,-,R,b,,,,,,,,,,,,,,
1086,"['R', 'sa', '-', 'AR']",R,sa,-,AR,,,,,,,,,,,,,,,,
1087,"['a', 'C', 'a', '-', 'AR']",a,C,a,-,AR,,,,,,,,,,,,,,,
1088,"['ar', 'C', 'v', '/', 'R', 'r', '-', 'A']",ar,C,v,/,R,r,-,A,,,,,,,,,,,,
1089,"['ar', 'C', 'v', '=', 'R', 'r', '/', 'ar', 'M', 'v', '-', 'A']",ar,C,v,=,R,r,/,ar,M,,v,-,A,,,,,,,
1090,"['R', 's', '-', 'AR']",R,s,-,AR,,,,,,,,,,,,,,,,
1091,"['R', 'as', '/', 'ar', 'C', 'v']",R,as,/,ar,C,v,,,,,,,,,,,,,,
1092,"['ar', 'C', 'vk', '/', 'R', 'as', '-', 'R']",ar,C,vk,/,R,as,-,R,,,,,,,,,,,,
1093,"['M', 'bv', '/', 'r', 'C', 'bv']",M,bv,/,r,C,bv,,,,,,,,,,,,,,
1094,"['R', 's', '-', 'A']",R,s,-,A,,,,,,,,,,,,,,,,
1095,"['R', 's', '-', 'A']",R,s,-,A,,,,,,,,,,,,,,,,
1096,"['a', 'C', 'ah', '/', 'R', 'r', '-', 'AFR']",a,C,ah,/,R,r,-,AFR,,,,,,,,,,,,
1097,"['ar', 'C', 'v', '/', 'R', 's', '-', 'AVR', 'b', '/', 'R', 's']",ar,C,v,/,R,s,-,AVR,b,,/,R,s,,,,,,,
1098,"['a', 'C', 'k', '/', 'R', 'ahs', '-', 'AR', 'b', 'A']",a,C,k,/,R,ahs,-,AR,b,,A,,,,,,,,,
1099,"['R', 's', '-', 'A']",R,s,-,A,,,,,,,,,,,,,,,,
1100,"['a', 'C', 'k', '-', 'AR', 'b', 'A']",a,C,k,-,AR,b,A,,,,,,,,,,,,,
1101,"['a', 'C', 'as', '-', 'R']",a,C,as,-,R,,,,,,,,,,,,,,,
1102,"['C', 'v', '=', 'R', 's', '-', 'VRS']",C,v,=,R,s,-,VRS,,,,,,,,,,,,,
1103,"['R', 's', '/', 'C', 'v', '-', 'VA']",R,s,/,C,v,-,VA,,,,,,,,,,,,,
1104,"['gs', 'FG', 'b', '/', 'M']",gs,FG,b,/,M,,,,,,,,,,,,,,,
1105,"['s', 'E', 'v', '/', 'M', 'bu']",s,E,v,/,M,bu,,,,,,,,,,,,,,
1106,"['M', 'v', '=', 'C', 'v']",M,v,=,C,v,,,,,,,,,,,,,,,
1107,"['M', 'bv']",M,bv,,,,,,,,,,,,,,,,,,
1108,"['s', 'E', 'v', '/', 'gs', 'FG', 'u']",s,E,v,/,gs,FG,u,,,,,,,,,,,,,
1109,"['M', 'bv', '/', 'C', 'v']",M,bv,/,C,v,,,,,,,,,,,,,,,
1110,"['g', 'FG', 'p']",g,FG,p,,,,,,,,,,,,,,,,,
1111,"['gs', 'FG', 'b']",gs,FG,b,,,,,,,,,,,,,,,,,
1112,"['C', 'b', '-', 'V']",C,b,-,V,,,,,,,,,,,,,,,,
1113,"['C', 'f']",C,f,,,,,,,,,,,,,,,,,,
1114,"['M', 'uh']",M,uh,,,,,,,,,,,,,,,,,,
1115,"['s', 'E', 'v', '/', 'M', 'ur']",s,E,v,/,M,ur,,,,,,,,,,,,,,
1116,"['M', 'vb']",M,vb,,,,,,,,,,,,,,,,,,
1117,"['M', 's', '-', 'V']",M,s,-,V,,,,,,,,,,,,,,,,
1118,"['f', 'LG', 'a', '/', 'g', 'FG']",f,LG,a,/,g,FG,,,,,,,,,,,,,,
1119,"['gf', 'C', 'vb', '/', 'f', 'LG', 'a']",gf,C,vb,/,f,LG,a,,,,,,,,,,,,,
1120,"['M', 'sa', '-', 'V']",M,sa,-,V,,,,,,,,,,,,,,,,
1121,"['f', 'LG', 'sa', '-', 'F']",f,LG,sa,-,F,,,,,,,,,,,,,,,
1122,"['M', 's', '=', 'f', 'LG', 's', '-', 'R']",M,s,=,f,LG,s,-,R,,,,,,,,,,,,
1123,"['M', 'b']",M,b,,,,,,,,,,,,,,,,,,
1124,"['gf', 'C', 'ua']",gf,C,ua,,,,,,,,,,,,,,,,,
1125,"['C', 'f']",C,f,,,,,,,,,,,,,,,,,,
1126,"['g', 'FG', 'as']",g,FG,as,,,,,,,,,,,,,,,,,
1127,"['g', 'FG', 't']",g,FG,t,,,,,,,,,,,,,,,,,
1128,"['f', 'LG', 'sa', '-', 'F']",f,LG,sa,-,F,,,,,,,,,,,,,,,
1129,"['$s', 'F', 'v', '/', 'g', 'F', 'p']",$s,F,v,/,g,F,p,,,,,,,,,,,,,
1130,"['M', 'uj', '/', 'f', 'LG', 't']",M,uj,/,f,LG,t,,,,,,,,,,,,,,
1131,"['C', 'f']",C,f,,,,,,,,,,,,,,,,,,
1132,"['C', 'v', '/', 'M', 'vb', '-', 'V']",C,v,/,M,vb,-,V,,,,,,,,,,,,,
1133,"['C', 'f']",C,f,,,,,,,,,,,,,,,,,,
1134,"['FG', 't']",FG,t,,,,,,,,,,,,,,,,,,
1135,"['M', 'bw']",M,bw,,,,,,,,,,,,,,,,,,
1136,"['C', 'v', '=', 'M', 'w', '/', 'R', 'as']",C,v,=,M,w,/,R,as,,,,,,,,,,,,
1137,"['C', 'v', '/', 'M', 'v', '-', 'V']",C,v,/,M,v,-,V,,,,,,,,,,,,,
1138,"['M', 'bw']",M,bw,,,,,,,,,,,,,,,,,,
1139,"['U', 's', '-', 'R', 'd', 'V']",U,s,-,R,d,V,,,,,,,,,,,,,,
1140,"['FG', 't']",FG,t,,,,,,,,,,,,,,,,,,
1141,"['fr', 'C', 'wa', '/', 'R', 's', '/', 'R', 'a']",fr,C,wa,/,R,s,/,R,a,,,,,,,,,,,
1142,"['FG', 't']",FG,t,,,,,,,,,,,,,,,,,,
1143,"['M', 's', '/', '-', 'R', 'ds', 'V', '/', 'U', 's']",M,s,/,-,R,ds,V,/,U,,s,,,,,,,,,
1144,"['M', 'u']",M,u,,,,,,,,,,,,,,,,,,
1145,"['g', 'FG']",g,FG,,,,,,,,,,,,,,,,,,
1146,"['M', 'uh']",M,uh,,,,,,,,,,,,,,,,,,
1147,"['$s', 'F', 'v', '/', 'g', 'F', 'p']",$s,F,v,/,g,F,p,,,,,,,,,,,,,
1148,"['C', 'f']",C,f,,,,,,,,,,,,,,,,,,
1149,"['$s', 'F', 'v', '/', 'g', 'F', 'p']",$s,F,v,/,g,F,p,,,,,,,,,,,,,
1150,"['g', 'F', 'f']",g,F,f,,,,,,,,,,,,,,,,,
1151,"['FG', 't']",FG,t,,,,,,,,,,,,,,,,,,
1152,"['FG', 't']",FG,t,,,,,,,,,,,,,,,,,,
1153,"['g', 'F', 't', '/', 'C', 'f']",g,F,t,/,C,f,,,,,,,,,,,,,,
1154,"['r', 'FA', 'f']",r,FA,f,,,,,,,,,,,,,,,,,
1155,"['F', 'f']",F,f,,,,,,,,,,,,,,,,,,
1156,"['fr', 'C', 'w', '/', '=', 'R', 's', '-', 'R', '/', 'R', 'a']",fr,C,w,/,=,R,s,-,R,,/,R,a,,,,,,,
1157,"['bg', 'F', 'p']",bg,F,p,,,,,,,,,,,,,,,,,
1158,"['$s', 'LG', 'uh']",$s,LG,uh,,,,,,,,,,,,,,,,,
1159,"['fg', 'C', 'a']",fg,C,a,,,,,,,,,,,,,,,,,
1160,"['g', 'FG', 'a']",g,FG,a,,,,,,,,,,,,,,,,,
1161,"['g', 'FG', 't']",g,FG,t,,,,,,,,,,,,,,,,,
1162,"['f', 'LG', 'sa', '-', 'F']",f,LG,sa,-,F,,,,,,,,,,,,,,,
1163,"['$s', 'F', 'v', '/', 'g', 'F', 'p']",$s,F,v,/,g,F,p,,,,,,,,,,,,,
1164,"['/', 'g', 'F', 'v', '/', 'f', 'LG', 'ut']",/,g,F,v,/,f,LG,ut,,,,,,,,,,,,
1165,"['f', 'LG', 'u', '/', 'g', 'FG', '-', 'H']",f,LG,u,/,g,FG,-,H,,,,,,,,,,,,
1166,"['M', 's', '-', 'FO']",M,s,-,FO,,,,,,,,,,,,,,,,
1167,"['M', 'r', '-', 'FO']",M,r,-,FO,,,,,,,,,,,,,,,,
1168,"['M', 's', '-', 'RV']",M,s,-,RV,,,,,,,,,,,,,,,,
1169,"['f', 'LG', 's', '-', 'F']",f,LG,s,-,F,,,,,,,,,,,,,,,
1170,"['f', 'LG', 'a', '-', 'FA']",f,LG,a,-,FA,,,,,,,,,,,,,,,
1171,"['f', 'LG', 'u']",f,LG,u,,,,,,,,,,,,,,,,,
1172,"['$s', 'F', 'v', '/', 'g', 'F', 'p']",$s,F,v,/,g,F,p,,,,,,,,,,,,,
1173,"['M', 'uh']",M,uh,,,,,,,,,,,,,,,,,,
1174,"['M', 'bv', '/', 'C', 'v']",M,bv,/,C,v,,,,,,,,,,,,,,,
1175,"['M', 'j']",M,j,,,,,,,,,,,,,,,,,,
1176,"['g', 'F', 't']",g,F,t,,,,,,,,,,,,,,,,,
1177,"['FG', 't']",FG,t,,,,,,,,,,,,,,,,,,
1178,"['C', 'f']",C,f,,,,,,,,,,,,,,,,,,
1179,"['g', 'FG', 't']",g,FG,t,,,,,,,,,,,,,,,,,
1180,"['g', 'FG', 't']",g,FG,t,,,,,,,,,,,,,,,,,
1181,"['g', 'LG', 'a', '-', 'V']",g,LG,a,-,V,,,,,,,,,,,,,,,
1182,"['$s', 'F', 'v', '/', 'g', 'F', 'p']",$s,F,v,/,g,F,p,,,,,,,,,,,,,
1183,"['M', 'bv', '/', 'C', 'v', '-', 'V']",M,bv,/,C,v,-,V,,,,,,,,,,,,,
1184,"['M', 'vb', '=', 'C', 'v', '/', 'R', 's', '-', 'V']",M,vb,=,C,v,/,R,s,-,,V,,,,,,,,,
1185,"['C', 'v']",C,v,,,,,,,,,,,,,,,,,,
1186,"['/', 'C', 'w', '/', 'R', 'h']",/,C,w,/,R,h,,,,,,,,,,,,,,
1187,"['C', 'v', '=', 'R', 'a']",C,v,=,R,a,,,,,,,,,,,,,,,
1188,"['C', 'v', '/', 'R', 'k']",C,v,/,R,k,,,,,,,,,,,,,,,
1189,"['f', 'M', 'vb', '/', 'C', 'v']",f,M,vb,/,C,v,,,,,,,,,,,,,,
1190,"['C', 'ak']",C,ak,,,,,,,,,,,,,,,,,,
1191,"['R', 'kh']",R,kh,,,,,,,,,,,,,,,,,,
1192,"['C', 'v', '=', 'M', 'v']",C,v,=,M,v,,,,,,,,,,,,,,,
1193,"['C', 'v', '=', 'R', 's', '-', 'A']",C,v,=,R,s,-,A,,,,,,,,,,,,,
1194,"['R', 's', '-', 'VRA']",R,s,-,VRA,,,,,,,,,,,,,,,,
1195,"['R', 'sa', '/', 'C', 'v']",R,sa,/,C,v,,,,,,,,,,,,,,,
1196,"['a', 'C', 'c', '/', 'M', 'r', 'N', '-', 'RA', 'b', 'A']",a,C,c,/,M,r,N,-,RA,,b,A,,,,,,,,
1197,"['R', 's', '/', 'C', 'v']",R,s,/,C,v,,,,,,,,,,,,,,,
1198,"['a', 'C', 'kc', '/', 'R', 's', '-', 'AR', 'b', 'A', 'd']",a,C,kc,/,R,s,-,AR,b,,A,d,,,,,,,,
1199,"['C', 'v', '/', 'R', 's', '-', 'A']",C,v,/,R,s,-,A,,,,,,,,,,,,,
1200,"['a', 'C', 'ca', '-', 'A']",a,C,ca,-,A,,,,,,,,,,,,,,,
1201,"['C', 'cj', '-', 'A']",C,cj,-,A,,,,,,,,,,,,,,,,
1202,"['C', 'v', '-', 'A']",C,v,-,A,,,,,,,,,,,,,,,,
1203,"['C', 'v', '/', 'R', 's']",C,v,/,R,s,,,,,,,,,,,,,,,
1204,"['R', 's', '-', 'A']",R,s,-,A,,,,,,,,,,,,,,,,
1205,"['R', 's', '-', 'AR']",R,s,-,AR,,,,,,,,,,,,,,,,
1206,"['C', 'v', '/', 'R', 's', '-', 'A']",C,v,/,R,s,-,A,,,,,,,,,,,,,
1207,"['C', 'v', '/', 'R', 's']",C,v,/,R,s,,,,,,,,,,,,,,,
1208,"['R', 's', '=', 'C', 'v']",R,s,=,C,v,,,,,,,,,,,,,,,
1209,"['C', 'a']",C,a,,,,,,,,,,,,,,,,,,
1210,"['a', 'C', 'c', '-', 'AR', 'b', 'A']",a,C,c,-,AR,b,A,,,,,,,,,,,,,
1211,['I'],I,,,,,,,,,,,,,,,,,,,
1212,"['C', 'v', '/', 'R', 's']",C,v,/,R,s,,,,,,,,,,,,,,,
1213,"['R', 's']",R,s,,,,,,,,,,,,,,,,,,
1214,"['/', 'M', 'w', '=', 'C', 'w', '/', 'R', 'h']",/,M,w,=,C,w,/,R,h,,,,,,,,,,,
1215,"['C', 'v']",C,v,,,,,,,,,,,,,,,,,,
1216,"['/', 'M', 'w', '/', 'R', 'h']",/,M,w,/,R,h,,,,,,,,,,,,,,
1217,"['C', 'v', '/', 'R', 's']",C,v,/,R,s,,,,,,,,,,,,,,,
1218,"['F', 'p']",F,p,,,,,,,,,,,,,,,,,,
1219,"['C', 'v', '/', 'M', 'v', '/', 'R', 'sk']",C,v,/,M,v,/,R,sk,,,,,,,,,,,,
1220,"['C', 'v', '=', 'M', 'vb', '/', 'R', 's']",C,v,=,M,vb,/,R,s,,,,,,,,,,,,
1221,"['R', 's', '=', 'C', 'v']",R,s,=,C,v,,,,,,,,,,,,,,,
1222,"['C', 'v', '/', 'R', 's']",C,v,/,R,s,,,,,,,,,,,,,,,
1223,"['C', 'v', '/', 'R', 's', '-', 'R', 's']",C,v,/,R,s,-,R,s,,,,,,,,,,,,
1224,"['C', 'v', '/', 'M', 'v']",C,v,/,M,v,,,,,,,,,,,,,,,
1225,"['C', 'v', '/', 'R', 's', '/', 'M', 'v']",C,v,/,R,s,/,M,v,,,,,,,,,,,,
1226,"['R', 's']",R,s,,,,,,,,,,,,,,,,,,
1227,"['M', 'vb']",M,vb,,,,,,,,,,,,,,,,,,
1228,"['M', 'w', '/', 'R', 'h']",M,w,/,R,h,,,,,,,,,,,,,,,
1229,"['M', 'b']",M,b,,,,,,,,,,,,,,,,,,
1230,"['/', 'C', 'w', '/', 'M', 'w', '/', 'R', 'hk']",/,C,w,/,M,w,/,R,hk,,,,,,,,,,,
1231,"['/', 'C', 'w', '=', 'M', 'w', '/', 'R', 'hs']",/,C,w,=,M,w,/,R,hs,,,,,,,,,,,
1232,"['M', 'a']",M,a,,,,,,,,,,,,,,,,,,
1233,"['R', 'r']",R,r,,,,,,,,,,,,,,,,,,
1234,"['C', 'v', '/', 'R', 's', '-', 'AV']",C,v,/,R,s,-,AV,,,,,,,,,,,,,
1235,"['R', 's', '=', 'C', 'v', '-', 'AVR', 's']",R,s,=,C,v,-,AVR,s,,,,,,,,,,,,
1236,"['C', 'v', '=', 'M', 'v']",C,v,=,M,v,,,,,,,,,,,,,,,
1237,"['R', 's', '/', 'C', 'v', '-', 'A']",R,s,/,C,v,-,A,,,,,,,,,,,,,
1238,"['R', 'sr', '/', 'C', 'v', '-', 'A']",R,sr,/,C,v,-,A,,,,,,,,,,,,,
1239,"['M', 'bv', '/', 'C', 'v']",M,bv,/,C,v,,,,,,,,,,,,,,,
1240,"['R', 's', '/', 'C', 'v']",R,s,/,C,v,,,,,,,,,,,,,,,
1241,"['C', 'k', '-', 'A']",C,k,-,A,,,,,,,,,,,,,,,,
1242,"['M', 'vb', '/', 'C', 'v', '-', 'V']",M,vb,/,C,v,-,V,,,,,,,,,,,,,
1243,"['C', 'v', '=', 'R', 's']",C,v,=,R,s,,,,,,,,,,,,,,,
1244,"['L', 'p']",L,p,,,,,,,,,,,,,,,,,,
1245,"['C', 'v', '=', 'R', 'k']",C,v,=,R,k,,,,,,,,,,,,,,,
1246,"['C', 'v', '/', 'R', 'a']",C,v,/,R,a,,,,,,,,,,,,,,,
1247,"['f', 'M', 'b']",f,M,b,,,,,,,,,,,,,,,,,
1248,"['C', 'v', '=', 'M', 'vb']",C,v,=,M,vb,,,,,,,,,,,,,,,
1249,"['R', 's', '=', 'C', 'v']",R,s,=,C,v,,,,,,,,,,,,,,,
1250,"['L', 'p']",L,p,,,,,,,,,,,,,,,,,,
1251,"['M', 'vb', '=', 'C', 'v']",M,vb,=,C,v,,,,,,,,,,,,,,,
1252,"['M', 'vb']",M,vb,,,,,,,,,,,,,,,,,,
1253,"['M', 'vb', '/', 'C', 'v', '/', 'R', 'sk']",M,vb,/,C,v,/,R,sk,,,,,,,,,,,,
1254,"['R', 's', '/', 'C', 'v']",R,s,/,C,v,,,,,,,,,,,,,,,
1255,"['M', 'vb', '/', 'C', 'v']",M,vb,/,C,v,,,,,,,,,,,,,,,
1256,"['M', 'j']",M,j,,,,,,,,,,,,,,,,,,
1257,"['C', 'v', '/', 'R', 'h']",C,v,/,R,h,,,,,,,,,,,,,,,
1258,"['M', 'vb', '/', 'R', 's', '-', 'V']",M,vb,/,R,s,-,V,,,,,,,,,,,,,
1259,"['/', 'C', 'w', '/', 'R', 'rh']",/,C,w,/,R,rh,,,,,,,,,,,,,,
1260,"['FA', 'p']",FA,p,,,,,,,,,,,,,,,,,,
1261,"['C', 'v', '/', 'R', 'hs']",C,v,/,R,hs,,,,,,,,,,,,,,,
1262,"['F', 't', '/', 'FA', 'p']",F,t,/,FA,p,,,,,,,,,,,,,,,
1263,"['F', 'f']",F,f,,,,,,,,,,,,,,,,,,
1264,"['C', 'fk']",C,fk,,,,,,,,,,,,,,,,,,
1265,"['M', 'bv']",M,bv,,,,,,,,,,,,,,,,,,
1266,"['M', 'bv', '=', 'C', 'v']",M,bv,=,C,v,,,,,,,,,,,,,,,
1267,"['M', 'bv']",M,bv,,,,,,,,,,,,,,,,,,
1268,"['C', 'v', '/', 'R', 's']",C,v,/,R,s,,,,,,,,,,,,,,,
1269,"['FA', 'p', '/', 'F', 't', '-', 'IM']",FA,p,/,F,t,-,IM,,,,,,,,,,,,,
1270,"['C', 'h']",C,h,,,,,,,,,,,,,,,,,,
1271,"['R', 's']",R,s,,,,,,,,,,,,,,,,,,
1272,"['sg', 'FG', 'ta']",sg,FG,ta,,,,,,,,,,,,,,,,,
1273,"['R', 'a']",R,a,,,,,,,,,,,,,,,,,,
1274,"['F', 't']",F,t,,,,,,,,,,,,,,,,,,
1275,"['F', 't']",F,t,,,,,,,,,,,,,,,,,,
1276,"['g', 'F', 't']",g,F,t,,,,,,,,,,,,,,,,,
1277,"['g', 'F', 'f']",g,F,f,,,,,,,,,,,,,,,,,
1278,"['F', 't', '/', 'F', '-', 'A', 'p']",F,t,/,F,-,A,p,,,,,,,,,,,,,
1279,"['C', 'v', '/', 'R', 's']",C,v,/,R,s,,,,,,,,,,,,,,,
1280,"['F', 't']",F,t,,,,,,,,,,,,,,,,,,
1281,"['F', 't']",F,t,,,,,,,,,,,,,,,,,,
1282,"['F', 't']",F,t,,,,,,,,,,,,,,,,,,
1283,"['R', 's', '/', 'C', 'v']",R,s,/,C,v,,,,,,,,,,,,,,,
1284,"['M', 'vb', '=', 'C', 'v', '/', 'R', 's']",M,vb,=,C,v,/,R,s,,,,,,,,,,,,
1285,"['M', 'bv']",M,bv,,,,,,,,,,,,,,,,,,
1286,"['C', 'k', 'R', 'd']",C,k,R,d,,,,,,,,,,,,,,,,
1287,"['C', 'f']",C,f,,,,,,,,,,,,,,,,,,
1288,"['C', 'v', '/', 'M', 's', '/', 'R', 's']",C,v,/,M,s,/,R,s,,,,,,,,,,,,
1289,"['C', 'f']",C,f,,,,,,,,,,,,,,,,,,
1290,"['C', 'f', '/', 'M', 'b']",C,f,/,M,b,,,,,,,,,,,,,,,
1291,"['M', 'w', '/', 'R', 'h']",M,w,/,R,h,,,,,,,,,,,,,,,
1292,"['C', 'a']",C,a,,,,,,,,,,,,,,,,,,
1293,"['F', 't']",F,t,,,,,,,,,,,,,,,,,,
1294,"['F', 't']",F,t,,,,,,,,,,,,,,,,,,
1295,"['F', 'f']",F,f,,,,,,,,,,,,,,,,,,
1296,"['R', 's']",R,s,,,,,,,,,,,,,,,,,,
1297,"['C', 'c']",C,c,,,,,,,,,,,,,,,,,,
1298,"['g', 'F', 'f', '-', 'A']",g,F,f,-,A,,,,,,,,,,,,,,,
1299,"['C', 'f']",C,f,,,,,,,,,,,,,,,,,,
1300,"['C', 'v', '=', 'R', 's']",C,v,=,R,s,,,,,,,,,,,,,,,
1301,"['M', 'bv']",M,bv,,,,,,,,,,,,,,,,,,
1302,"['C', 'k', '/', 'R', 's', '-', 'VR', 'b']",C,k,/,R,s,-,VR,b,,,,,,,,,,,,
1303,"['C', 'bv', '-', 'V']",C,bv,-,V,,,,,,,,,,,,,,,,
1304,"['R', 's', '=', 'a', 'C', 'v', '-', 'AR', 'b']",R,s,=,a,C,v,-,AR,b,,,,,,,,,,,
1305,"['a', 'C', 'cj', 'R', 'b', 'A', '-', 'A']",a,C,cj,R,b,A,-,A,,,,,,,,,,,,
1306,"['a', 'C', 'c', '-', 'A']",a,C,c,-,A,,,,,,,,,,,,,,,
1307,"['R', 's', '-', 'V']",R,s,-,V,,,,,,,,,,,,,,,,
1308,"['a', 'C', 'av', '/', 'R', 's']",a,C,av,/,R,s,,,,,,,,,,,,,,
1309,"['a', 'C', 'c', '-', 'R', 'b', 'A']",a,C,c,-,R,b,A,,,,,,,,,,,,,
1310,"['C', 'v', '=', 'R', 's']",C,v,=,R,s,,,,,,,,,,,,,,,
1311,"['R', 's', '/', 'C', 'v', 'V']",R,s,/,C,v,V,,,,,,,,,,,,,,
1312,"['R', 's', '-', 'V']",R,s,-,V,,,,,,,,,,,,,,,,
1313,"['C', 'v', '=', 'M', 'vb']",C,v,=,M,vb,,,,,,,,,,,,,,,
1314,"['C', 'v', '=', 'R', 's']",C,v,=,R,s,,,,,,,,,,,,,,,
1315,"['R', 's', '/', 'C', 'v', '-', 'VRA']",R,s,/,C,v,-,VRA,,,,,,,,,,,,,
1316,"['R', 's', '/', 'C', 'v', '-', 'RV']",R,s,/,C,v,-,RV,,,,,,,,,,,,,
1317,"['C', 'cf', '/', 'F', 'f', '-', 'AR', 'd', 'A']",C,cf,/,F,f,-,AR,d,A,,,,,,,,,,,
1318,"['C', 'v', '=', 'M', 'v', '/', 'R', 'h']",C,v,=,M,v,/,R,h,,,,,,,,,,,,
1319,"['C', 'c']",C,c,,,,,,,,,,,,,,,,,,
1320,"['F', 'pt', 'I']",F,pt,I,,,,,,,,,,,,,,,,,
1321,"['C', 'f']",C,f,,,,,,,,,,,,,,,,,,
1322,"['C', 'h']",C,h,,,,,,,,,,,,,,,,,,
1323,"['FG', 't', '/', 'F', 'f']",FG,t,/,F,f,,,,,,,,,,,,,,,
1324,"['C', 'v', '/', 'M', 'vb', '/', 'R', 's']",C,v,/,M,vb,/,R,s,,,,,,,,,,,,
1325,"['U', 's']",U,s,,,,,,,,,,,,,,,,,,
1326,"['M', 'vb', '/', 'C', 'v']",M,vb,/,C,v,,,,,,,,,,,,,,,
1327,"['C', 'v', '=', 'M', 'vb', '-', 'V']",C,v,=,M,vb,-,V,,,,,,,,,,,,,
1328,"['C', 'k']",C,k,,,,,,,,,,,,,,,,,,
1329,"['F', 't']",F,t,,,,,,,,,,,,,,,,,,
1330,"['F', 'f']",F,f,,,,,,,,,,,,,,,,,,
1331,"['F', 't', '/', 'FA', 'p', '-', 'IJ']",F,t,/,FA,p,-,IJ,,,,,,,,,,,,,
1332,"['FG', 't']",FG,t,,,,,,,,,,,,,,,,,,
1333,"['F', 'fc']",F,fc,,,,,,,,,,,,,,,,,,
1334,"['FG', 't']",FG,t,,,,,,,,,,,,,,,,,,
1335,"['C', 'c']",C,c,,,,,,,,,,,,,,,,,,
1336,"['FG', 't']",FG,t,,,,,,,,,,,,,,,,,,
1337,"['FG', 'f']",FG,f,,,,,,,,,,,,,,,,,,
1338,"['M', 'bv']",M,bv,,,,,,,,,,,,,,,,,,
1339,"['F', 'f', 'G']",F,f,G,,,,,,,,,,,,,,,,,
1340,"['M', 'vb']",M,vb,,,,,,,,,,,,,,,,,,
1341,"['C', 'v', '=', 'M', 'v', '/', 'R', 's', '-', 'V']",C,v,=,M,v,/,R,s,-,,V,,,,,,,,,
1342,"['C', 'v', '=', 'M', 'v']",C,v,=,M,v,,,,,,,,,,,,,,,
1343,"['F', 'tl']",F,tl,,,,,,,,,,,,,,,,,,
1344,"['C', 'c', '/', 'FG', 't']",C,c,/,FG,t,,,,,,,,,,,,,,,
1345,"['C', 'c']",C,c,,,,,,,,,,,,,,,,,,
1346,"['C', 'vb', '-', 'AV']",C,vb,-,AV,,,,,,,,,,,,,,,,
1347,"['C', 'v', '/', 'R', 's', '-', 'V']",C,v,/,R,s,-,V,,,,,,,,,,,,,
1348,"['F', 'f']",F,f,,,,,,,,,,,,,,,,,,
1349,"['C', 'k', '/', 'R', 's', '-', 'VR']",C,k,/,R,s,-,VR,,,,,,,,,,,,,
1350,"['a', 'C', 'k']",a,C,k,,,,,,,,,,,,,,,,,
1351,"['C', 'c']",C,c,,,,,,,,,,,,,,,,,,
1352,"['C', 'c']",C,c,,,,,,,,,,,,,,,,,,
1353,"['C', 'v', '/', 'R', 'k']",C,v,/,R,k,,,,,,,,,,,,,,,
1354,"['F', 't', '/', 'FA', 'p']",F,t,/,FA,p,,,,,,,,,,,,,,,
1355,"['M', 'v', '=', 'C', 'v', '=', 'R', 's']",M,v,=,C,v,=,R,s,,,,,,,,,,,,
1356,"['R', 's', '/', 'C', 'v', '-', 'VR']",R,s,/,C,v,-,VR,,,,,,,,,,,,,
1357,"['C', 'v', '/', 'R', 's', '-', 'A']",C,v,/,R,s,-,A,,,,,,,,,,,,,
1358,"['R', 's']",R,s,,,,,,,,,,,,,,,,,,
1359,"['a', 'C', 'ch']",a,C,ch,,,,,,,,,,,,,,,,,
1360,"['C', 'v', '=', 'R', 's']",C,v,=,R,s,,,,,,,,,,,,,,,
1361,"['C', 'vb']",C,vb,,,,,,,,,,,,,,,,,,
1362,"['R', 's']",R,s,,,,,,,,,,,,,,,,,,
1363,"['C', 'v', '/', 'R', 's', '-', 'R']",C,v,/,R,s,-,R,,,,,,,,,,,,,
1364,"['C', 'v', '/', 'R', 'ks']",C,v,/,R,ks,,,,,,,,,,,,,,,
1365,"['R', 'h', '/', 'C', 'v']",R,h,/,C,v,,,,,,,,,,,,,,,
1366,"['C', 'v', '=', 'M', 'v', '/', 'R', 's']",C,v,=,M,v,/,R,s,,,,,,,,,,,,
1367,"['C', 'v', '/', 'R', 'hs']",C,v,/,R,hs,,,,,,,,,,,,,,,
1368,"['R', 's', '/', 'C', 'v', '-', 'V']",R,s,/,C,v,-,V,,,,,,,,,,,,,
1369,"['R', 's', '/', 'C', 'v', '-', 'RV']",R,s,/,C,v,-,RV,,,,,,,,,,,,,
1370,"['R', 's', '/', 'C', 'v', '-', 'R']",R,s,/,C,v,-,R,,,,,,,,,,,,,
1371,"['R', 's', '/', 'C', 'v', '-', 'VR']",R,s,/,C,v,-,VR,,,,,,,,,,,,,
1372,"['C', 'k', '/', 'R', 's']",C,k,/,R,s,,,,,,,,,,,,,,,
1373,"['sg', 'F', 't', '/', 'FA', 'p']",sg,F,t,/,FA,p,,,,,,,,,,,,,,
1374,"['R', 's']",R,s,,,,,,,,,,,,,,,,,,
1375,"['C', 'v', '/', 'R', 's']",C,v,/,R,s,,,,,,,,,,,,,,,
1376,"['C', 'vb']",C,vb,,,,,,,,,,,,,,,,,,
1377,"['R', 's', '=', 'C', 'v', '-', 'VR']",R,s,=,C,v,-,VR,,,,,,,,,,,,,
1378,"['s', 'F', 't']",s,F,t,,,,,,,,,,,,,,,,,
1379,"['C', 'c']",C,c,,,,,,,,,,,,,,,,,,
1380,"['R', 's', '/', 'C', 'v', '-', 'VR']",R,s,/,C,v,-,VR,,,,,,,,,,,,,
1381,"['C', 'ah']",C,ah,,,,,,,,,,,,,,,,,,
1382,"['C', 'v', '=', 'R', 's']",C,v,=,R,s,,,,,,,,,,,,,,,
1383,"['M', 'vb']",M,vb,,,,,,,,,,,,,,,,,,
1384,"['R', 's']",R,s,,,,,,,,,,,,,,,,,,
1385,"['C', 'v', '=', 'R', 's', '-', 'V']",C,v,=,R,s,-,V,,,,,,,,,,,,,
1386,"['R', 's', '/', 'C', 'v']",R,s,/,C,v,,,,,,,,,,,,,,,
1387,"['a', 'C', 'ck', '-', 'R', 'b', 'A']",a,C,ck,-,R,b,A,,,,,,,,,,,,,
1388,"['R', 's', '-', 'V']",R,s,-,V,,,,,,,,,,,,,,,,
1389,"['a', 'C', 'ck', '-', 'R', 'b', 'A']",a,C,ck,-,R,b,A,,,,,,,,,,,,,
1390,"['C', 'v', '/', 'M', 'vb']",C,v,/,M,vb,,,,,,,,,,,,,,,
1391,"['C', 'v', '-', 'A']",C,v,-,A,,,,,,,,,,,,,,,,
1392,"['R', 's', '=', 'C', 'v']",R,s,=,C,v,,,,,,,,,,,,,,,
1393,"['a', 'C', 'k', '-', 'R', 'b', 'A']",a,C,k,-,R,b,A,,,,,,,,,,,,,
1394,"['C', 'v', '/', 'R', 's']",C,v,/,R,s,,,,,,,,,,,,,,,
1395,"['a', 'C', 'ck', '-', 'A']",a,C,ck,-,A,,,,,,,,,,,,,,,
1396,"['sg', 'FG', 't', '/', 'U', 's', '-', 'F']",sg,FG,t,/,U,s,-,F,,,,,,,,,,,,
1397,"['R', 'k']",R,k,,,,,,,,,,,,,,,,,,
1398,"['a', 'C', 'ck', '/', 'R', 's', '-', 'AR', 'b', 'A']",a,C,ck,/,R,s,-,AR,b,,A,,,,,,,,,
1399,"['R', 's', '/', 'C', 'v']",R,s,/,C,v,,,,,,,,,,,,,,,
1400,"['C', 'ck', '/', 's', 'M', 'bv']",C,ck,/,s,M,bv,,,,,,,,,,,,,,
1401,"['C', 'v', '/', 'R', 's', '-', 'A']",C,v,/,R,s,-,A,,,,,,,,,,,,,
1402,"['F', 't']",F,t,,,,,,,,,,,,,,,,,,
1403,"['R', 's', '=', 'C', 'v', '-', 'V']",R,s,=,C,v,-,V,,,,,,,,,,,,,
1404,"['M', 'bv', '/', 'C', 'v']",M,bv,/,C,v,,,,,,,,,,,,,,,
1405,"['R', 's']",R,s,,,,,,,,,,,,,,,,,,
1406,"['a', 'C', 'ck', '-', 'R', 'b', 'A']",a,C,ck,-,R,b,A,,,,,,,,,,,,,
1407,"['R', 's']",R,s,,,,,,,,,,,,,,,,,,
1408,"['C', 'v', '/', 'R', 'sk']",C,v,/,R,sk,,,,,,,,,,,,,,,
1409,"['C', 'v', '=', 'R', 'sh']",C,v,=,R,sh,,,,,,,,,,,,,,,
1410,"['R', 's', '=', 'C', 'v', '-', 'AR']",R,s,=,C,v,-,AR,,,,,,,,,,,,,
1411,"['C', 'v', '/', 'R', 's', '-', 'A']",C,v,/,R,s,-,A,,,,,,,,,,,,,
1412,"['F', 'j']",F,j,,,,,,,,,,,,,,,,,,
1413,"['R', 'sk']",R,sk,,,,,,,,,,,,,,,,,,
1414,"['C', 'v', '/', 'R', 's']",C,v,/,R,s,,,,,,,,,,,,,,,
1415,"['F', 'f']",F,f,,,,,,,,,,,,,,,,,,
1416,"['a', 'C', 'ch', '-', 'R', 'b', 'A']",a,C,ch,-,R,b,A,,,,,,,,,,,,,
1417,"['C', 'ca']",C,ca,,,,,,,,,,,,,,,,,,
1418,"['R', 's', '-', 'VA']",R,s,-,VA,,,,,,,,,,,,,,,,
1419,"['a', 'C', 'ck', '-', 'R', 'b', 'A']",a,C,ck,-,R,b,A,,,,,,,,,,,,,
1420,"['a', 'C', 'k', '/', 'R', 's']",a,C,k,/,R,s,,,,,,,,,,,,,,
1421,"['R', 's', '-', 'V']",R,s,-,V,,,,,,,,,,,,,,,,
1422,"['R', 's']",R,s,,,,,,,,,,,,,,,,,,
1423,"['a', 'C', 'c', '-', 'R', 'b', 'A']",a,C,c,-,R,b,A,,,,,,,,,,,,,
1424,"['R', 's', '=', 'C', 'v', '-', 'V']",R,s,=,C,v,-,V,,,,,,,,,,,,,
1425,"['C', 'v', '/', 'R', 's', '-', 'A']",C,v,/,R,s,-,A,,,,,,,,,,,,,
1426,"['F', 't']",F,t,,,,,,,,,,,,,,,,,,
1427,"['C', 'c']",C,c,,,,,,,,,,,,,,,,,,
1428,"['C', 'v', '/', 'R', 's']",C,v,/,R,s,,,,,,,,,,,,,,,
1429,"['R', 's', '=', 'C', 'v']",R,s,=,C,v,,,,,,,,,,,,,,,
1430,"['a', 'C', 'ck', '-', 'R', 'b', 'A']",a,C,ck,-,R,b,A,,,,,,,,,,,,,
1431,"['R', 's']",R,s,,,,,,,,,,,,,,,,,,
1432,"['/', 'C', 'w', '/', 'R', 'ha']",/,C,w,/,R,ha,,,,,,,,,,,,,,
1433,"['a', 'C', 'a', '-', 'R', 'b', 'A']",a,C,a,-,R,b,A,,,,,,,,,,,,,
1434,"['R', 's', '/', 'C', 'v', '-', 'A']",R,s,/,C,v,-,A,,,,,,,,,,,,,
1435,"['/', 'C', 'w', '/', 'R', 'h']",/,C,w,/,R,h,,,,,,,,,,,,,,
1436,"['/', 'C', 'w', '/', 'R', 'h']",/,C,w,/,R,h,,,,,,,,,,,,,,
1437,"['L', 'p']",L,p,,,,,,,,,,,,,,,,,,
1438,"['M', 'bv', '/', 'C', 'v']",M,bv,/,C,v,,,,,,,,,,,,,,,
1439,"['a', 'C', 'c', '-', 'AR', 'b', 'A', 'd']",a,C,c,-,AR,b,A,d,,,,,,,,,,,,
1440,"['R', 's', '/', 'C', 'v', '-', 'V']",R,s,/,C,v,-,V,,,,,,,,,,,,,
1441,"['R', 'h']",R,h,,,,,,,,,,,,,,,,,,
1442,"['R', 's']",R,s,,,,,,,,,,,,,,,,,,
1443,"['C', 'v', '/', 'R', 's', '-', 'R']",C,v,/,R,s,-,R,,,,,,,,,,,,,
1444,"['a', 'C', 'c', 'R', 'b', '-', 'A']",a,C,c,R,b,-,A,,,,,,,,,,,,,
1445,"['R', 's', '-', 'V']",R,s,-,V,,,,,,,,,,,,,,,,
1446,"['C', 'ah', '/', 'F', 'pt']",C,ah,/,F,pt,,,,,,,,,,,,,,,
1447,"['C', 'v', '-', 'AV']",C,v,-,AV,,,,,,,,,,,,,,,,
1448,"['C', 'c']",C,c,,,,,,,,,,,,,,,,,,
1449,"['a', 'C', 'k', '-', 'A']",a,C,k,-,A,,,,,,,,,,,,,,,
1450,"['/', 'M', 'b', '=', 'C', 'v', '/', 'R', 'h']",/,M,b,=,C,v,/,R,h,,,,,,,,,,,
1451,"['R', 's', '/', 'C', 'v']",R,s,/,C,v,,,,,,,,,,,,,,,
1452,"['C', 'c']",C,c,,,,,,,,,,,,,,,,,,
1453,"['a', 'C', 'ck', '/', 'R', 's', '-', 'AR', 'b', 'A', 'd']",a,C,ck,/,R,s,-,AR,b,,A,d,,,,,,,,
1454,"['a', 'C', 'k', 'R', 'b', '-', 'A']",a,C,k,R,b,-,A,,,,,,,,,,,,,
1455,"['R', 's', '/', 'C', 'v', '-', 'A']",R,s,/,C,v,-,A,,,,,,,,,,,,,
1456,"['FG', 't', '/', 'C', 'f']",FG,t,/,C,f,,,,,,,,,,,,,,,
1457,"['s', 'M', 'bv']",s,M,bv,,,,,,,,,,,,,,,,,
1458,"['C', 'ka']",C,ka,,,,,,,,,,,,,,,,,,
1459,"['C', 'v', '=', 'M', 'v']",C,v,=,M,v,,,,,,,,,,,,,,,
1460,"['R', 's', '-', 'V']",R,s,-,V,,,,,,,,,,,,,,,,
1461,"['a', 'C', 'c', '-', 'RA', 'a', 'A']",a,C,c,-,RA,a,A,,,,,,,,,,,,,
1462,"['R', 's', '=', 'C', 'v', '-', 'A']",R,s,=,C,v,-,A,,,,,,,,,,,,,
1463,"['a', 'C', 'ck', '-', 'R', 'b', 'A']",a,C,ck,-,R,b,A,,,,,,,,,,,,,
1464,"['R', 's']",R,s,,,,,,,,,,,,,,,,,,
1465,"['F', 'p']",F,p,,,,,,,,,,,,,,,,,,
1466,"['L', 'p']",L,p,,,,,,,,,,,,,,,,,,
1467,"['C', 'vb']",C,vb,,,,,,,,,,,,,,,,,,
1468,"['R', 's', '=', 'C', 'v']",R,s,=,C,v,,,,,,,,,,,,,,,
1469,"['M', 'vb', '/', 'C', 'vb', '-', 'V']",M,vb,/,C,vb,-,V,,,,,,,,,,,,,
1470,"['C', 'v', '/', 'R', 's']",C,v,/,R,s,,,,,,,,,,,,,,,
1471,"['C', 'vb', '/', 'M', 'v']",C,vb,/,M,v,,,,,,,,,,,,,,,
1472,"['M', 'vb', '-', 'V']",M,vb,-,V,,,,,,,,,,,,,,,,
1473,"['C', 'vb']",C,vb,,,,,,,,,,,,,,,,,,
1474,"['C', 'v', '=', 'M', 'v']",C,v,=,M,v,,,,,,,,,,,,,,,
1475,"['C', 'v', '/', 'R', 's']",C,v,/,R,s,,,,,,,,,,,,,,,
1476,"['F', 'f']",F,f,,,,,,,,,,,,,,,,,,
1477,"['C', 'c']",C,c,,,,,,,,,,,,,,,,,,
1478,"['C', 'v', '=', 'M', 'vb']",C,v,=,M,vb,,,,,,,,,,,,,,,
1479,"['F', 'p']",F,p,,,,,,,,,,,,,,,,,,
1480,"['C', 'c']",C,c,,,,,,,,,,,,,,,,,,
1481,"['C', 'c']",C,c,,,,,,,,,,,,,,,,,,
1482,"['F', 'p']",F,p,,,,,,,,,,,,,,,,,,
1483,"['C', 'c']",C,c,,,,,,,,,,,,,,,,,,
1484,"['C', 'vb', '/', 'R', 's']",C,vb,/,R,s,,,,,,,,,,,,,,,
1485,"['M', 'v', '=', 'C', 'v']",M,v,=,C,v,,,,,,,,,,,,,,,
1486,"['C', 'vb', '-', 'A']",C,vb,-,A,,,,,,,,,,,,,,,,
1487,"['R', 's']",R,s,,,,,,,,,,,,,,,,,,
1488,"['R', 's', '-', 'V']",R,s,-,V,,,,,,,,,,,,,,,,
1489,"['R', 's', '=', 'C', 'v']",R,s,=,C,v,,,,,,,,,,,,,,,
1490,"['C', 'c']",C,c,,,,,,,,,,,,,,,,,,
1491,"['M', 'vb', '-', 'V']",M,vb,-,V,,,,,,,,,,,,,,,,
1492,"['R', 'sk', '=', 'C', 'v']",R,sk,=,C,v,,,,,,,,,,,,,,,
1493,"['C', 'k', 'A']",C,k,A,,,,,,,,,,,,,,,,,
1494,"['C', 'ck', '/', 'R', 's', '-', 'A']",C,ck,/,R,s,-,A,,,,,,,,,,,,,
1495,"['R', 's']",R,s,,,,,,,,,,,,,,,,,,
1496,"['C', 'c']",C,c,,,,,,,,,,,,,,,,,,
1497,"['F', 'fj']",F,fj,,,,,,,,,,,,,,,,,,
1498,"['F', 'pt', '-', 'I']",F,pt,-,I,,,,,,,,,,,,,,,,
1499,"['F', 'f']",F,f,,,,,,,,,,,,,,,,,,
1500,"['C', 'f']",C,f,,,,,,,,,,,,,,,,,,
1501,"['C', 'v', '/', 'R', 's']",C,v,/,R,s,,,,,,,,,,,,,,,
1502,"['C', 'ck', '-', 'A']",C,ck,-,A,,,,,,,,,,,,,,,,
1503,"['M', 'v', '/', 'C', 'v']",M,v,/,C,v,,,,,,,,,,,,,,,
1504,"['C', 'k', '=', 'R', 's', '-', 'R', 's']",C,k,=,R,s,-,R,s,,,,,,,,,,,,
1505,"['C', 'f']",C,f,,,,,,,,,,,,,,,,,,
1506,"['M', 'v', '=', 'C', 'v', '/', 'R', 's']",M,v,=,C,v,/,R,s,,,,,,,,,,,,
1507,"['C', 'vb']",C,vb,,,,,,,,,,,,,,,,,,
1508,"['R', 's', '/', 'C', 'v']",R,s,/,C,v,,,,,,,,,,,,,,,
1509,"['R', 's']",R,s,,,,,,,,,,,,,,,,,,
1510,"['C', 'v', '/', 'R', 's']",C,v,/,R,s,,,,,,,,,,,,,,,
1511,"['M', 'v', '=', 'C', 'v']",M,v,=,C,v,,,,,,,,,,,,,,,
1512,"['C', 'v', '=', 'M', 'vb', '/', 'R', 's']",C,v,=,M,vb,/,R,s,,,,,,,,,,,,
1513,"['C', 'c']",C,c,,,,,,,,,,,,,,,,,,
1514,"['C', 'v', '=', 'R', 's', '-', 'V']",C,v,=,R,s,-,V,,,,,,,,,,,,,
1515,"['/', 'C', 'w', '/', 'R', 'ah']",/,C,w,/,R,ah,,,,,,,,,,,,,,
1516,"['C', 'v', '=', 'M', 'bv']",C,v,=,M,bv,,,,,,,,,,,,,,,
1517,"['M', 'b', '/', 'FG', 's']",M,b,/,FG,s,,,,,,,,,,,,,,,
1518,"['F', 'f']",F,f,,,,,,,,,,,,,,,,,,
1519,"['R', 's', '=', 'C', 'v']",R,s,=,C,v,,,,,,,,,,,,,,,
1520,"['C', 'v', '/', 'R', 's', '-', 'VA']",C,v,/,R,s,-,VA,,,,,,,,,,,,,
1521,"['R', 's']",R,s,,,,,,,,,,,,,,,,,,
1522,"['a', 'C', 'v', '/', 'R', 'a']",a,C,v,/,R,a,,,,,,,,,,,,,,
1523,"['R', 'k', 'A']",R,k,A,,,,,,,,,,,,,,,,,
1524,"['C', 'v', '=', 'R', 'a', '-', 'A']",C,v,=,R,a,-,A,,,,,,,,,,,,,
1525,"['C', 'v', '-', 'A']",C,v,-,A,,,,,,,,,,,,,,,,
1526,"['C', 'k']",C,k,,,,,,,,,,,,,,,,,,
1527,"['C', 'w', '/', 'R', 'au']",C,w,/,R,au,,,,,,,,,,,,,,,
1528,"['R', 'aj', '/', 'C', 'v']",R,aj,/,C,v,,,,,,,,,,,,,,,
1529,"['R', 's', '/', 'C', 'v', '-', 'A']",R,s,/,C,v,-,A,,,,,,,,,,,,,
1530,"['C', 'vb']",C,vb,,,,,,,,,,,,,,,,,,
1531,"['C', 'v', '=', 'R', 's', 'AV']",C,v,=,R,s,AV,,,,,,,,,,,,,,
1532,"['R', 's', '/', 'C', 'v', '-', 'VA']",R,s,/,C,v,-,VA,,,,,,,,,,,,,
1533,"['C', 'v', '/', 'R', 'sk']",C,v,/,R,sk,,,,,,,,,,,,,,,
1534,"['R', 's']",R,s,,,,,,,,,,,,,,,,,,
1535,"['sg', 'F', 't']",sg,F,t,,,,,,,,,,,,,,,,,
1536,"['bg', 'FG', 't']",bg,FG,t,,,,,,,,,,,,,,,,,
1537,"['bg', 'F', 'ft']",bg,F,ft,,,,,,,,,,,,,,,,,
1538,"['F', 't']",F,t,,,,,,,,,,,,,,,,,,
1539,"['C', 'f']",C,f,,,,,,,,,,,,,,,,,,
1540,"['C', 'vb']",C,vb,,,,,,,,,,,,,,,,,,
1541,"['a', 'C', 'c', '-', 'A']",a,C,c,-,A,,,,,,,,,,,,,,,
1542,"['F', 'j', '/', 'C', 'j']",F,j,/,C,j,,,,,,,,,,,,,,,
1543,"['C', 'v', '-', 'A']",C,v,-,A,,,,,,,,,,,,,,,,
1544,"['a', 'C', 'v', '/', 'R', 's']",a,C,v,/,R,s,,,,,,,,,,,,,,
1545,"['R', 's', '-', 'A']",R,s,-,A,,,,,,,,,,,,,,,,
1546,"['R', 'k', '/', 'C', 'v', '-', 'A']",R,k,/,C,v,-,A,,,,,,,,,,,,,
1547,"['F', 'p']",F,p,,,,,,,,,,,,,,,,,,
1548,"['a', 'C', 'c', '-', 'R', 'b', 'A']",a,C,c,-,R,b,A,,,,,,,,,,,,,
1549,"['C', 'v', '/', 'R', 's']",C,v,/,R,s,,,,,,,,,,,,,,,
1550,"['C', 'v', '=', 'R', 's', '-', 'A']",C,v,=,R,s,-,A,,,,,,,,,,,,,
1551,"['a', 'C', 'kc', '-', 'R', 'b', 'A']",a,C,kc,-,R,b,A,,,,,,,,,,,,,
1552,"['C', 'v', '/', 'R', 's', '-', 'A']",C,v,/,R,s,-,A,,,,,,,,,,,,,
1553,"['R', 's', '-', 'A']",R,s,-,A,,,,,,,,,,,,,,,,
1554,"['C', 'v', '=', 'R', 's', '-', 'A']",C,v,=,R,s,-,A,,,,,,,,,,,,,
1555,"['a', 'C', 'k', '-', 'A']",a,C,k,-,A,,,,,,,,,,,,,,,
1556,"['R', 's', '/', 'C', 'v', '-', 'A']",R,s,/,C,v,-,A,,,,,,,,,,,,,
1557,"['R', 's']",R,s,,,,,,,,,,,,,,,,,,
1558,"['a', 'C', 'ck']",a,C,ck,,,,,,,,,,,,,,,,,
1559,"['R', 's']",R,s,,,,,,,,,,,,,,,,,,
1560,"['a', 'C', 'c', '-', 'R', 'b', 'A']",a,C,c,-,R,b,A,,,,,,,,,,,,,
1561,"['R', 'sk', '-', 'A']",R,sk,-,A,,,,,,,,,,,,,,,,
1562,"['a', 'C', 'ck', '-', 'R', 'b', 'A']",a,C,ck,-,R,b,A,,,,,,,,,,,,,
1563,"['R', 'h']",R,h,,,,,,,,,,,,,,,,,,
1564,"['R', 'k', '/', 'MN', 'r']",R,k,/,MN,r,,,,,,,,,,,,,,,
1565,"['I', '=', 'MN', 'r']",I,=,MN,r,,,,,,,,,,,,,,,,
1566,"['a', 'C', 'c', '-', 'R', 'b', 'A']",a,C,c,-,R,b,A,,,,,,,,,,,,,
1567,['NTA'],NTA,,,,,,,,,,,,,,,,,,,
1568,"['C', 'f']",C,f,,,,,,,,,,,,,,,,,,
1569,"['C', 'v', '/', 'R', 's']",C,v,/,R,s,,,,,,,,,,,,,,,
1570,"['R', 's', '-', 'VR']",R,s,-,VR,,,,,,,,,,,,,,,,
1571,"['a', 'C', 'c', '/', 'FA', 'p', '-', 'BAR']",a,C,c,/,FA,p,-,BAR,,,,,,,,,,,,
1572,"['R', 's', '-', 'VR']",R,s,-,VR,,,,,,,,,,,,,,,,
1573,"['R', 's', '/', 'C', 'v', '-', 'AR']",R,s,/,C,v,-,AR,,,,,,,,,,,,,
1574,"['R', 's', '-', 'A']",R,s,-,A,,,,,,,,,,,,,,,,
1575,"['C', 'vb', '/', 'M', 'v']",C,vb,/,M,v,,,,,,,,,,,,,,,
1576,"['a', 'C', 'w', '/', 'R', 'h']",a,C,w,/,R,h,,,,,,,,,,,,,,
1577,"['s', 'M', 'vb', '/', 'C', 'v', '-', 'V']",s,M,vb,/,C,v,-,V,,,,,,,,,,,,
1578,"['C', 'f']",C,f,,,,,,,,,,,,,,,,,,
1579,"['F', 'p']",F,p,,,,,,,,,,,,,,,,,,
1580,"['C', 'ca', '-', 'AR', 'd']",C,ca,-,AR,d,,,,,,,,,,,,,,,
1581,"['R', 's', '-', 'VA']",R,s,-,VA,,,,,,,,,,,,,,,,
1582,"['R', 's', '/', 'C', 'vb', '-', 'N']",R,s,/,C,vb,-,N,,,,,,,,,,,,,
1583,"['a', 'C', 'a', '/', 'R', 's', '-', 'A']",a,C,a,/,R,s,-,A,,,,,,,,,,,,
1584,"['r', 'M', 'b', '=', 'ar', 'C', 'ba', '-', 'A']",r,M,b,=,ar,C,ba,-,A,,,,,,,,,,,
1585,"['R', 's', '-', 'AR']",R,s,-,AR,,,,,,,,,,,,,,,,
1586,"['ac', 'C', 'ac', '-', 'AVR']",ac,C,ac,-,AVR,,,,,,,,,,,,,,,
1587,"['R', 's', '/', 'r', 'C', 'v']",R,s,/,r,C,v,,,,,,,,,,,,,,
1588,"['ar', 'C', 'v', '/', 'M', 'v']",ar,C,v,/,M,v,,,,,,,,,,,,,,
1589,"['R', 's', '-', 'A', 'r']",R,s,-,A,r,,,,,,,,,,,,,,,
1590,"['a', 'C', 'a', '/', 'R', 's', '-', 'R']",a,C,a,/,R,s,-,R,,,,,,,,,,,,
1591,"['r', 'M', 'v', '/', 'r', 'C', 'bv', '/', 'R', 's']",r,M,v,/,r,C,bv,/,R,,s,,,,,,,,,
1592,"['R', 'rs', '/', 'ar', 'C', 'v', '-', 'A']",R,rs,/,ar,C,v,-,A,,,,,,,,,,,,
1593,"['M', 'bv']",M,bv,,,,,,,,,,,,,,,,,,
1594,"['C', 'v', '/', 'R', 's']",C,v,/,R,s,,,,,,,,,,,,,,,
1595,"['C', 'v', '/', 'R', 's', '/', 'M', 'v']",C,v,/,R,s,/,M,v,,,,,,,,,,,,
1596,"['R', 's', '=', 'C', 'v', '-', 'VR']",R,s,=,C,v,-,VR,,,,,,,,,,,,,
1597,"['ar', 'C', 'v']",ar,C,v,,,,,,,,,,,,,,,,,
1598,"['C', 'v', '/', 'R', 's']",C,v,/,R,s,,,,,,,,,,,,,,,
1599,"['C', 'v', '/', 'R', 's']",C,v,/,R,s,,,,,,,,,,,,,,,
1600,"['M', 'bv', '/', 'C', 'v']",M,bv,/,C,v,,,,,,,,,,,,,,,
1601,"['C', 'f']",C,f,,,,,,,,,,,,,,,,,,
1602,"['sg', 'F', 't']",sg,F,t,,,,,,,,,,,,,,,,,
1603,"['M', 'bv', '/', 'R', 's']",M,bv,/,R,s,,,,,,,,,,,,,,,
1604,"['C', 'vb', '/', 'R', 'sa']",C,vb,/,R,sa,,,,,,,,,,,,,,,
1605,"['C', 'v']",C,v,,,,,,,,,,,,,,,,,,
1606,"['s', '$MM', 'bv']",s,$MM,bv,,,,,,,,,,,,,,,,,
1607,"['C', 'v', '/', 'R', 'k']",C,v,/,R,k,,,,,,,,,,,,,,,
1608,"['s', 'M', 'vb', '/', 'C', 'v']",s,M,vb,/,C,v,,,,,,,,,,,,,,
1609,"['C', 'cf']",C,cf,,,,,,,,,,,,,,,,,,
1610,"['R', 'ak', '/', 'a', 'C', 'v', '-', 'N']",R,ak,/,a,C,v,-,N,,,,,,,,,,,,
1611,"['a', 'C', 'k', '-', 'R', 'b', 'A']",a,C,k,-,R,b,A,,,,,,,,,,,,,
1612,"['/', 'C', 'w', '/', 'R', 'hk']",/,C,w,/,R,hk,,,,,,,,,,,,,,
1613,"['R', 's', '-', 'VA']",R,s,-,VA,,,,,,,,,,,,,,,,
1614,"['R', 's']",R,s,,,,,,,,,,,,,,,,,,
1615,"['C', 'w', '/', 'M', 'w']",C,w,/,M,w,,,,,,,,,,,,,,,
1616,"['M', 'v', '=', 'C', 'v']",M,v,=,C,v,,,,,,,,,,,,,,,
1617,"['bg', 'F', 'p', '/', 'M', 'bv']",bg,F,p,/,M,bv,,,,,,,,,,,,,,
1618,"['R', 's', '-', 'A', 'r']",R,s,-,A,r,,,,,,,,,,,,,,,
1619,"['ar', 'C', 'v', '/', 'R', 'a']",ar,C,v,/,R,a,,,,,,,,,,,,,,
1620,"['r', 'M', 'v', '=', 'r', 'C', 'v', '/', 'R', 'hs']",r,M,v,=,r,C,v,/,R,,hs,,,,,,,,,
1621,"['ar', 'M', 'a', '/', 'ar', 'C', 'a', '-', 'A']",ar,M,a,/,ar,C,a,-,A,,,,,,,,,,,
1622,['NTA'],NTA,,,,,,,,,,,,,,,,,,,
1623,"['r', 'C', 'v', '/', 'r', 'M', 'v', '/', 'R', 'a', '-', 'A']",r,C,v,/,r,M,v,/,R,,a,-,A,,,,,,,
1624,"['ar', 'M', 'a', '/', 'ar', 'C', 'a', '-', 'A']",ar,M,a,/,ar,C,a,-,A,,,,,,,,,,,
1625,"['R', 's', '-', 'AVR']",R,s,-,AVR,,,,,,,,,,,,,,,,
1626,"['R', 's', '-', 'RA']",R,s,-,RA,,,,,,,,,,,,,,,,
1627,['I'],I,,,,,,,,,,,,,,,,,,,
1628,"['R', 'hk', '/', 'C', 'v']",R,hk,/,C,v,,,,,,,,,,,,,,,
1629,"['M', 'bv']",M,bv,,,,,,,,,,,,,,,,,,
1630,"['F', 't']",F,t,,,,,,,,,,,,,,,,,,
1631,"['g', 'FG', 's', '-', 'F']",g,FG,s,-,F,,,,,,,,,,,,,,,